Province,Year,Year imputed,Region imputed,Regional GDP imputed,Secondary industry value added imputed,Tertiary industry value added from Long imputed,Industrial value added from Long imputed,Total electricity generation imputed,Population imputed,Hydropower generation from Long imputed,Raw coal production from Long imputed,Non fossil electricity generation imputed,SO2 emissions imputed,Natural gas production from Long imputed,Total apparent CO2 emissions (mt) imputed
吉林省,1990,False,False,False,False,False,False,False,False,False,False,False,False,False,True
辽宁省,1990,False,False,False,False,False,False,False,False,False,False,False,False,False,True
黑龙江,1990,False,False,False,False,False,False,False,False,False,False,False,False,False,True
上海市,1990,False,False,False,False,False,False,False,False,True,True,True,False,True,True
北京市,1990,False,False,False,False,False,False,False,False,False,False,False,False,True,True
天津市,1990,False,False,False,False,False,False,False,False,False,False,False,False,False,True
山东省,1990,False,False,False,False,False,False,False,False,False,False,False,False,False,True
广东省,1990,False,False,False,False,False,False,False,False,False,False,False,False,True,True
江苏省,1990,False,False,False,False,False,False,False,False,False,False,False,False,False,True
河北省,1990,False,False,False,False,False,False,False,False,False,False,False,False,False,True
浙江省,1990,False,False,False,False,False,False,False,False,False,False,False,False,True,True
海南省,1990,False,False,False,False,False,False,False,False,False,False,False,False,True,True
福建省,1990,False,False,False,False,False,False,False,False,False,False,False,False,True,True
安徽省,1990,False,False,False,False,False,False,False,False,False,False,False,False,True,True
山西省,1990,False,False,False,False,False,False,False,False,False,False,False,False,False,True
江西省,1990,False,False,False,False,False,False,False,False,False,False,False,False,True,True
河南省,1990,False,False,False,False,False,False,False,False,False,False,False,False,False,True
湖北省,1990,False,False,False,False,False,False,False,False,False,False,False,False,False,True
湖南省,1990,False,False,False,False,False,False,False,False,False,False,False,False,True,True
云南省,1990,False,False,False,False,False,False,False,False,False,False,False,False,True,True
内蒙古,1990,False,False,False,False,False,False,False,False,False,False,False,False,True,True
四川省,1990,False,False,False,False,False,False,False,False,False,False,False,False,False,True
宁夏,1990,False,False,False,False,False,False,False,False,False,False,False,False,False,True
广西,1990,False,False,False,False,False,False,False,False,False,False,False,False,True,True
新疆,1990,False,False,False,False,False,False,False,False,False,False,False,False,False,True
甘肃省,1990,False,False,False,False,False,False,False,False,False,False,False,False,False,True
西藏,1990,False,False,False,False,False,False,False,False,False,False,False,True,True,True
贵州省,1990,False,False,False,False,False,False,False,False,False,False,False,False,False,True
重庆市,1990,False,False,False,False,False,False,False,False,False,False,False,True,False,True
陕西省,1990,False,False,False,False,False,False,False,False,False,False,False,False,False,True
青海省,1990,False,False,False,False,False,False,False,False,False,False,False,False,False,True
吉林省,1991,False,False,False,False,False,False,False,False,False,False,False,False,False,True
辽宁省,1991,False,False,False,False,False,False,False,False,False,False,False,False,False,True
黑龙江,1991,False,False,False,False,False,False,False,False,False,False,False,False,False,True
上海市,1991,False,False,False,False,False,False,False,False,True,False,True,False,True,True
北京市,1991,False,False,False,False,False,False,False,False,False,False,False,False,True,True
天津市,1991,False,False,False,False,False,False,False,False,False,False,False,False,False,True
山东省,1991,False,False,False,False,False,False,False,False,False,False,False,False,False,True
广东省,1991,False,False,False,False,False,False,False,False,False,False,False,False,True,True
江苏省,1991,False,False,False,False,False,False,False,False,False,False,False,False,False,True
河北省,1991,False,False,False,False,False,False,False,False,False,False,False,False,False,True
浙江省,1991,False,False,False,False,False,False,False,False,False,False,False,False,True,True
海南省,1991,False,False,False,False,False,False,False,False,False,False,False,False,True,True
福建省,1991,False,False,False,False,False,False,False,False,False,False,False,False,True,True
安徽省,1991,False,False,False,False,False,False,False,False,False,False,False,False,True,True
山西省,1991,False,False,False,False,False,False,False,False,False,False,False,False,False,True
江西省,1991,False,False,False,False,False,False,False,False,False,False,False,False,True,True
河南省,1991,False,False,False,False,False,False,False,False,False,False,False,False,False,True
湖北省,1991,False,False,False,False,False,False,False,False,False,False,False,False,False,True
湖南省,1991,False,False,False,False,False,False,False,False,False,False,False,False,True,True
云南省,1991,False,False,False,False,False,False,False,False,False,False,False,False,True,True
内蒙古,1991,False,False,False,False,False,False,False,False,False,False,False,False,True,True
四川省,1991,False,False,False,False,False,False,False,False,False,False,False,False,False,True
宁夏,1991,False,False,False,False,False,False,False,False,False,False,False,False,False,True
广西,1991,False,False,False,False,False,False,False,False,False,False,False,False,True,True
新疆,1991,False,False,False,False,False,False,False,False,False,False,False,False,False,True
甘肃省,1991,False,False,False,False,False,False,False,False,False,False,False,False,False,True
西藏,1991,False,False,False,False,False,False,False,False,False,False,False,True,True,True
贵州省,1991,False,False,False,False,False,False,False,False,False,False,False,False,False,True
重庆市,1991,False,False,False,False,False,False,False,False,True,False,True,True,False,True
陕西省,1991,False,False,False,False,False,False,False,False,False,False,False,False,False,True
青海省,1991,False,False,False,False,False,False,False,False,False,False,False,False,False,True
吉林省,1992,False,False,False,False,False,False,False,False,False,False,False,False,False,True
辽宁省,1992,False,False,False,False,False,False,False,False,False,False,False,False,False,True
黑龙江,1992,False,False,False,False,False,False,False,False,False,False,False,False,False,True
上海市,1992,False,False,False,False,False,False,False,False,True,False,True,False,True,True
北京市,1992,False,False,False,False,False,False,False,False,False,False,False,False,True,True
天津市,1992,False,False,False,False,False,False,False,False,False,False,False,False,False,True
山东省,1992,False,False,False,False,False,False,False,False,False,False,False,False,False,True
广东省,1992,False,False,False,False,False,False,False,False,False,False,False,False,True,True
江苏省,1992,False,False,False,False,False,False,False,False,False,False,False,False,False,True
河北省,1992,False,False,False,False,False,False,False,False,False,False,False,False,False,True
浙江省,1992,False,False,False,False,False,False,False,False,False,False,False,False,True,True
海南省,1992,False,False,False,False,False,False,False,False,False,False,False,False,True,True
福建省,1992,False,False,False,False,False,False,False,False,False,False,False,False,True,True
安徽省,1992,False,False,False,False,False,False,False,False,False,False,False,False,True,True
山西省,1992,False,False,False,False,False,False,False,False,False,False,False,False,False,True
江西省,1992,False,False,False,False,False,False,False,False,False,False,False,False,True,True
河南省,1992,False,False,False,False,False,False,False,False,False,False,False,False,False,True
湖北省,1992,False,False,False,False,False,False,False,False,False,False,False,False,False,True
湖南省,1992,False,False,False,False,False,False,False,False,False,False,False,False,True,True
云南省,1992,False,False,False,False,False,False,False,False,False,False,False,False,False,True
内蒙古,1992,False,False,False,False,False,False,False,False,False,False,False,False,True,True
四川省,1992,False,False,False,False,False,False,False,False,False,False,False,False,False,True
宁夏,1992,False,False,False,False,False,False,False,False,False,False,False,False,False,True
广西,1992,False,False,False,False,False,False,False,False,False,False,False,False,True,True
新疆,1992,False,False,False,False,False,False,False,False,False,False,False,False,False,True
甘肃省,1992,False,False,False,False,False,False,False,False,False,False,False,False,False,True
西藏,1992,False,False,False,False,False,False,False,False,False,False,False,True,True,True
贵州省,1992,False,False,False,False,False,False,False,False,False,False,False,False,False,True
重庆市,1992,False,False,False,False,False,False,False,False,False,False,False,True,False,True
陕西省,1992,False,False,False,False,False,False,False,False,False,False,False,False,False,True
青海省,1992,False,False,False,False,False,False,False,False,False,False,False,False,False,True
吉林省,1993,False,False,False,False,False,False,False,False,False,False,False,False,False,True
辽宁省,1993,False,False,False,False,False,False,False,False,False,False,False,False,False,True
黑龙江,1993,False,False,False,False,False,False,False,False,False,False,False,False,False,True
上海市,1993,False,False,False,False,False,False,False,False,True,False,True,False,True,True
北京市,1993,False,False,False,False,False,False,False,False,False,False,False,False,True,True
天津市,1993,False,False,False,False,False,False,False,False,False,False,False,False,False,True
山东省,1993,False,False,False,False,False,False,False,False,False,False,False,False,False,True
广东省,1993,False,False,False,False,False,False,False,False,False,False,False,False,True,True
江苏省,1993,False,False,False,False,False,False,False,False,False,False,False,False,False,True
河北省,1993,False,False,False,False,False,False,False,False,False,False,False,False,False,True
浙江省,1993,False,False,False,False,False,False,False,False,False,False,False,False,True,True
海南省,1993,False,False,False,False,False,False,False,False,False,False,False,False,True,True
福建省,1993,False,False,False,False,False,False,False,False,False,False,False,False,True,True
安徽省,1993,False,False,False,False,False,False,False,False,False,False,False,False,True,True
山西省,1993,False,False,False,False,False,False,False,False,False,False,False,False,False,True
江西省,1993,False,False,False,False,False,False,False,False,False,False,False,False,True,True
河南省,1993,False,False,False,False,False,False,False,False,False,False,False,False,False,True
湖北省,1993,False,False,False,False,False,False,False,False,False,False,False,False,False,True
湖南省,1993,False,False,False,False,False,False,False,False,False,False,False,False,True,True
云南省,1993,False,False,False,False,False,False,False,False,False,False,False,False,False,True
内蒙古,1993,False,False,False,False,False,False,False,False,False,False,False,False,True,True
四川省,1993,False,False,False,False,False,False,False,False,False,False,False,False,False,True
宁夏,1993,False,False,False,False,False,False,False,False,False,False,False,False,False,True
广西,1993,False,False,False,False,False,False,False,False,False,False,False,False,True,True
新疆,1993,False,False,False,False,False,False,False,False,False,False,False,False,False,True
甘肃省,1993,False,False,False,False,False,False,False,False,False,False,False,False,False,True
西藏,1993,False,False,False,False,False,False,False,False,False,False,False,True,True,True
贵州省,1993,False,False,False,False,False,False,False,False,False,False,False,False,False,True
重庆市,1993,False,False,False,False,False,False,False,False,True,False,True,True,False,True
陕西省,1993,False,False,False,False,False,False,False,False,False,False,False,False,False,True
青海省,1993,False,False,False,False,False,False,False,False,False,False,False,False,False,True
吉林省,1994,False,False,False,False,False,False,False,False,False,False,False,True,False,True
辽宁省,1994,False,False,False,False,False,False,False,False,False,False,False,True,False,True
黑龙江,1994,False,False,False,False,False,False,False,False,False,False,False,False,False,True
上海市,1994,False,False,False,False,False,False,False,False,True,False,True,True,True,True
北京市,1994,False,False,False,False,False,False,False,False,False,False,False,True,True,True
天津市,1994,False,False,False,False,False,False,False,False,False,False,False,True,False,True
山东省,1994,False,False,False,False,False,False,False,False,False,False,False,False,False,True
广东省,1994,False,False,False,False,False,False,False,False,False,False,False,True,True,True
江苏省,1994,False,False,False,False,False,False,False,False,False,False,False,False,False,True
河北省,1994,False,False,False,False,False,False,False,False,False,False,False,True,False,True
浙江省,1994,False,False,False,False,False,False,False,False,False,False,False,True,True,True
海南省,1994,False,False,False,False,False,False,False,False,False,False,False,True,True,True
福建省,1994,False,False,False,False,False,False,False,False,False,False,False,True,True,True
安徽省,1994,False,False,False,False,False,False,False,False,False,False,False,True,True,True
山西省,1994,False,False,False,False,False,False,False,False,False,False,False,True,False,True
江西省,1994,False,False,False,False,False,False,False,False,False,False,False,True,True,True
河南省,1994,False,False,False,False,False,False,False,False,False,False,False,True,False,True
湖北省,1994,False,False,False,False,False,False,False,False,False,False,False,True,False,True
湖南省,1994,False,False,False,False,False,False,False,False,False,False,False,True,True,True
云南省,1994,False,False,False,False,False,False,False,False,False,False,False,True,False,True
内蒙古,1994,False,False,False,False,False,False,False,False,False,False,False,True,True,True
四川省,1994,False,False,False,False,False,False,False,False,False,False,False,True,False,True
宁夏,1994,False,False,False,False,False,False,False,False,False,False,False,True,False,True
广西,1994,False,False,False,False,False,False,False,False,False,False,False,True,True,True
新疆,1994,False,False,False,False,False,False,False,False,False,False,False,True,False,True
甘肃省,1994,False,False,False,False,False,False,False,False,False,False,False,True,False,True
西藏,1994,False,False,False,False,False,False,False,False,False,False,False,True,True,True
贵州省,1994,False,False,False,False,False,False,False,False,False,False,False,False,False,True
重庆市,1994,False,False,False,False,False,False,False,False,True,False,True,True,False,True
陕西省,1994,False,False,False,False,False,False,False,False,False,False,False,True,False,True
青海省,1994,False,False,False,False,False,False,False,False,False,False,False,True,False,True
吉林省,1995,False,False,False,False,False,False,False,False,False,False,False,False,False,True
辽宁省,1995,False,False,False,False,False,False,False,False,False,False,False,False,False,True
黑龙江,1995,False,False,False,False,False,False,False,False,False,False,False,False,False,True
上海市,1995,False,False,False,False,False,False,False,False,True,False,True,False,True,True
北京市,1995,False,False,False,False,False,False,False,False,False,False,False,False,True,True
天津市,1995,False,False,False,False,False,False,False,False,False,False,False,False,False,True
山东省,1995,False,False,False,False,False,False,False,False,False,False,False,False,False,True
广东省,1995,False,False,False,False,False,False,False,False,False,False,False,False,False,True
江苏省,1995,False,False,False,False,False,False,False,False,False,False,False,False,False,True
河北省,1995,False,False,False,False,False,False,False,False,False,False,False,False,False,True
浙江省,1995,False,False,False,False,False,False,False,False,False,False,False,False,True,True
海南省,1995,False,False,False,False,False,False,False,False,False,False,False,False,True,True
福建省,1995,False,False,False,False,False,False,False,False,False,False,False,False,True,True
安徽省,1995,False,False,False,False,False,False,False,False,False,False,False,False,True,True
山西省,1995,False,False,False,False,False,False,False,False,False,False,False,False,False,True
江西省,1995,False,False,False,False,False,False,False,False,False,False,False,False,True,True
河南省,1995,False,False,False,False,False,False,False,False,False,False,False,False,False,True
湖北省,1995,False,False,False,False,False,False,False,False,False,False,False,False,False,True
湖南省,1995,False,False,False,False,False,False,False,False,False,False,False,False,True,True
云南省,1995,False,False,False,False,False,False,False,False,False,False,False,False,False,True
内蒙古,1995,False,False,False,False,False,False,False,False,False,False,False,False,True,True
四川省,1995,False,False,False,False,False,False,False,False,False,False,False,False,False,True
宁夏,1995,False,False,False,False,False,False,False,False,False,False,False,False,False,True
广西,1995,False,False,False,False,False,False,False,False,False,False,False,False,True,True
新疆,1995,False,False,False,False,False,False,False,False,False,False,False,False,False,True
甘肃省,1995,False,False,False,False,False,False,False,False,False,False,False,False,False,True
西藏,1995,False,False,False,False,False,False,False,False,False,True,False,True,True,True
贵州省,1995,False,False,False,False,False,False,False,False,False,False,False,False,False,True
重庆市,1995,False,False,False,False,False,False,False,False,True,False,True,True,False,True
陕西省,1995,False,False,False,False,False,False,False,False,False,False,False,False,False,True
青海省,1995,False,False,False,False,False,False,False,False,False,False,False,False,False,True
吉林省,1996,False,False,False,False,False,False,False,False,False,False,False,True,False,True
辽宁省,1996,False,False,False,False,False,False,False,False,False,False,False,True,False,True
黑龙江,1996,False,False,False,False,False,False,False,False,False,False,False,False,False,True
上海市,1996,False,False,False,False,False,False,False,False,True,False,True,True,True,True
北京市,1996,False,False,False,False,False,False,False,False,False,False,False,True,True,True
天津市,1996,False,False,False,False,False,False,False,False,False,False,False,True,False,True
山东省,1996,False,False,False,False,False,False,False,False,False,False,False,True,False,True
广东省,1996,False,False,False,False,False,False,False,False,False,False,False,True,False,True
江苏省,1996,False,False,False,False,False,False,False,False,False,False,False,False,False,True
河北省,1996,False,False,False,False,False,False,False,False,False,False,False,True,False,True
浙江省,1996,False,False,False,False,False,False,False,False,False,False,False,True,True,True
海南省,1996,False,False,False,False,False,False,False,False,False,False,False,True,True,True
福建省,1996,False,False,False,False,False,False,False,False,False,False,False,True,True,True
安徽省,1996,False,False,False,False,False,False,False,False,False,False,False,True,True,True
山西省,1996,False,False,False,False,False,False,False,False,False,False,False,True,False,True
江西省,1996,False,False,False,False,False,False,False,False,False,False,False,True,True,True
河南省,1996,False,False,False,False,False,False,False,False,False,False,False,True,False,True
湖北省,1996,False,False,False,False,False,False,False,False,False,False,False,True,False,True
湖南省,1996,False,False,False,False,False,False,False,False,False,False,False,True,True,True
云南省,1996,False,False,False,False,False,False,False,False,False,False,False,True,False,True
内蒙古,1996,False,False,False,False,False,False,False,False,False,False,False,True,True,True
四川省,1996,False,False,False,False,False,False,False,False,False,False,False,True,False,True
宁夏,1996,False,False,False,False,False,False,False,False,False,False,False,True,False,True
广西,1996,False,False,False,False,False,False,False,False,False,False,False,True,True,True
新疆,1996,False,False,False,False,False,False,False,False,False,False,False,True,False,True
甘肃省,1996,False,False,False,False,False,False,False,False,False,False,False,True,False,True
西藏,1996,False,False,False,False,False,False,False,False,False,False,False,True,True,True
贵州省,1996,False,False,False,False,False,False,False,False,False,False,False,False,False,True
重庆市,1996,False,False,False,False,False,False,False,False,False,False,False,True,False,True
陕西省,1996,False,False,False,False,False,False,False,False,False,False,False,True,False,True
青海省,1996,False,False,False,False,False,False,False,False,False,False,False,True,False,True
吉林省,1997,False,False,False,False,False,False,False,False,False,False,False,True,False,False
辽宁省,1997,False,False,False,False,False,False,False,False,False,False,False,True,False,False
黑龙江,1997,False,False,False,False,False,False,False,False,False,False,False,False,False,False
上海市,1997,False,False,False,False,False,False,False,False,True,True,True,True,True,False
北京市,1997,False,False,False,False,False,False,False,False,False,False,False,True,True,False
天津市,1997,False,False,False,False,False,False,False,False,False,False,False,True,False,False
山东省,1997,False,False,False,False,False,False,False,False,False,False,False,False,False,False
广东省,1997,False,False,False,False,False,False,False,False,False,False,False,False,False,False
江苏省,1997,False,False,False,False,False,False,False,False,False,False,False,True,False,False
河北省,1997,False,False,False,False,False,False,False,False,False,False,False,True,False,False
浙江省,1997,False,False,False,False,False,False,False,False,False,False,False,True,True,False
海南省,1997,False,False,False,False,False,False,False,False,False,False,False,True,True,False
福建省,1997,False,False,False,False,False,False,False,False,False,False,False,True,True,False
安徽省,1997,False,False,False,False,False,False,False,False,False,False,False,True,True,False
山西省,1997,False,False,False,False,False,False,False,False,False,False,False,True,False,False
江西省,1997,False,False,False,False,False,False,False,False,False,False,False,True,True,False
河南省,1997,False,False,False,False,False,False,False,False,False,False,False,True,False,False
湖北省,1997,False,False,False,False,False,False,False,False,False,False,False,True,False,False
湖南省,1997,False,False,False,False,False,False,False,False,False,False,False,True,True,False
云南省,1997,False,False,False,False,False,False,False,False,False,False,False,True,False,False
内蒙古,1997,False,False,False,False,False,False,False,False,False,False,False,True,False,False
四川省,1997,False,False,False,False,False,False,False,False,False,False,False,True,False,False
宁夏,1997,False,False,False,False,False,False,False,False,False,False,False,True,False,False
广西,1997,False,False,False,False,False,False,False,False,False,False,False,True,False,False
新疆,1997,False,False,False,False,False,False,False,False,False,False,False,True,False,False
甘肃省,1997,False,False,False,False,False,False,False,False,False,False,False,True,False,False
西藏,1997,False,False,False,False,False,False,False,False,False,False,False,True,True,True
贵州省,1997,False,False,False,False,False,False,False,False,False,False,False,False,False,False
重庆市,1997,False,False,False,False,False,False,False,False,False,False,False,True,False,False
陕西省,1997,False,False,False,False,False,False,False,False,False,False,False,True,False,False
青海省,1997,False,False,False,False,False,False,False,False,False,False,False,True,False,False
吉林省,1998,False,False,False,False,False,False,False,False,False,False,False,True,False,False
辽宁省,1998,False,False,False,False,False,False,False,False,False,False,False,True,False,False
黑龙江,1998,False,False,False,False,False,False,False,False,False,False,False,False,False,False
上海市,1998,False,False,False,False,False,False,False,False,True,True,True,True,True,False
北京市,1998,False,False,False,False,False,False,False,False,False,False,False,True,True,False
天津市,1998,False,False,False,False,False,False,False,False,False,False,False,True,False,False
山东省,1998,False,False,False,False,False,False,False,False,False,False,False,False,False,False
广东省,1998,False,False,False,False,False,False,False,False,False,False,False,False,False,False
江苏省,1998,False,False,False,False,False,False,False,False,False,False,False,True,False,False
河北省,1998,False,False,False,False,False,False,False,False,False,False,False,True,False,False
浙江省,1998,False,False,False,False,False,False,False,False,False,False,False,True,True,False
海南省,1998,False,False,False,False,False,False,False,False,False,False,False,True,True,False
福建省,1998,False,False,False,False,False,False,False,False,False,False,False,True,True,False
安徽省,1998,False,False,False,False,False,False,False,False,False,False,False,True,True,False
山西省,1998,False,False,False,False,False,False,False,False,False,False,False,True,False,False
江西省,1998,False,False,False,False,False,False,False,False,False,False,False,True,True,False
河南省,1998,False,False,False,False,False,False,False,False,False,False,False,True,False,False
湖北省,1998,False,False,False,False,False,False,False,False,False,False,False,True,False,False
湖南省,1998,False,False,False,False,False,False,False,False,False,False,False,True,True,False
云南省,1998,False,False,False,False,False,False,False,False,False,False,False,True,False,False
内蒙古,1998,False,False,False,False,False,False,False,False,False,False,False,True,True,False
四川省,1998,False,False,False,False,False,False,False,False,False,False,False,True,False,False
宁夏,1998,False,False,False,False,False,False,False,False,False,False,False,True,False,False
广西,1998,False,False,False,False,False,False,False,False,False,False,False,True,True,False
新疆,1998,False,False,False,False,False,False,False,False,False,False,False,True,False,False
甘肃省,1998,False,False,False,False,False,False,False,False,False,False,False,True,False,False
西藏,1998,False,False,False,False,False,False,False,False,False,False,False,True,True,True
贵州省,1998,False,False,False,False,False,False,False,False,False,False,False,False,False,False
重庆市,1998,False,False,False,False,False,False,False,False,False,False,False,True,False,False
陕西省,1998,False,False,False,False,False,False,False,False,False,False,False,True,False,False
青海省,1998,False,False,False,False,False,False,False,False,False,False,False,True,False,False
吉林省,1999,False,False,False,False,False,False,False,False,False,False,False,True,False,False
辽宁省,1999,False,False,False,False,False,False,False,False,False,False,False,True,False,False
黑龙江,1999,False,False,False,False,False,False,False,False,False,False,False,False,False,False
上海市,1999,False,False,False,False,False,False,False,False,True,True,True,True,True,False
北京市,1999,False,False,False,False,False,False,False,False,False,False,False,True,True,False
天津市,1999,False,False,False,False,False,False,False,False,False,True,False,True,False,False
山东省,1999,False,False,False,False,False,False,False,False,False,False,False,False,False,False
广东省,1999,False,False,False,False,False,False,False,False,False,False,False,True,False,False
江苏省,1999,False,False,False,False,False,False,False,False,False,False,False,False,False,False
河北省,1999,False,False,False,False,False,False,False,False,False,False,False,True,False,False
浙江省,1999,False,False,False,False,False,False,False,False,False,False,False,True,True,False
海南省,1999,False,False,False,False,False,False,False,False,False,False,False,True,False,False
福建省,1999,False,False,False,False,False,False,False,False,False,False,False,True,True,False
安徽省,1999,False,False,False,False,False,False,False,False,False,False,False,True,True,False
山西省,1999,False,False,False,False,False,False,False,False,False,False,False,True,False,False
江西省,1999,False,False,False,False,False,False,False,False,False,False,False,True,True,False
河南省,1999,False,False,False,False,False,False,False,False,False,False,False,True,False,False
湖北省,1999,False,False,False,False,False,False,False,False,False,False,False,True,False,False
湖南省,1999,False,False,False,False,False,False,False,False,False,False,False,True,True,False
云南省,1999,False,False,False,False,False,False,False,False,False,False,False,True,False,False
内蒙古,1999,False,False,False,False,False,False,False,False,False,False,False,True,True,False
四川省,1999,False,False,False,False,False,False,False,False,False,False,False,True,False,False
宁夏,1999,False,False,False,False,False,False,False,False,False,False,False,True,False,False
广西,1999,False,False,False,False,False,False,False,False,False,False,False,True,True,False
新疆,1999,False,False,False,False,False,False,False,False,False,False,False,True,False,False
甘肃省,1999,False,False,False,False,False,False,False,False,False,False,False,True,False,False
西藏,1999,False,False,False,False,False,False,False,False,False,False,False,True,True,True
贵州省,1999,False,False,False,False,False,False,False,False,False,False,False,False,False,False
重庆市,1999,False,False,False,False,False,False,False,False,False,False,False,True,False,False
陕西省,1999,False,False,False,False,False,False,False,False,False,False,False,True,False,False
青海省,1999,False,False,False,False,False,False,False,False,False,False,False,True,False,False
吉林省,2000,False,False,False,False,False,False,False,False,False,False,False,False,False,False
辽宁省,2000,False,False,False,False,False,False,False,False,False,False,False,False,False,False
黑龙江,2000,False,False,False,False,False,False,False,False,False,False,False,False,False,False
上海市,2000,False,False,False,False,False,False,False,False,True,True,True,False,False,False
北京市,2000,False,False,False,False,False,False,False,False,False,False,False,False,False,False
天津市,2000,False,False,False,False,False,False,False,False,False,True,False,False,False,False
山东省,2000,False,False,False,False,False,False,False,False,False,False,False,False,False,False
广东省,2000,False,False,False,False,False,False,False,False,False,False,False,False,False,False
江苏省,2000,False,False,False,False,False,False,False,False,False,False,False,False,False,False
河北省,2000,False,False,False,False,False,False,False,False,False,False,False,False,False,False
浙江省,2000,False,False,False,False,False,False,False,False,False,False,False,False,False,False
海南省,2000,False,False,False,False,False,False,False,False,False,False,False,False,False,False
福建省,2000,False,False,False,False,False,False,False,False,False,False,False,False,False,False
安徽省,2000,False,False,False,False,False,False,False,False,False,False,False,False,False,False
山西省,2000,False,False,False,False,False,False,False,False,False,False,False,False,False,False
江西省,2000,False,False,False,False,False,False,False,False,False,False,False,False,False,False
河南省,2000,False,False,False,False,False,False,False,False,False,False,False,False,False,False
湖北省,2000,False,False,False,False,False,False,False,False,False,False,False,False,False,False
湖南省,2000,False,False,False,False,False,False,False,False,False,False,False,False,False,False
云南省,2000,False,False,False,False,False,False,False,False,False,False,False,False,False,False
内蒙古,2000,False,False,False,False,False,False,False,False,False,False,False,False,False,False
四川省,2000,False,False,False,False,False,False,False,False,False,False,False,False,False,False
宁夏,2000,False,False,False,False,False,False,False,False,False,False,False,False,False,False
广西,2000,False,False,False,False,False,False,False,False,False,False,False,False,False,False
新疆,2000,False,False,False,False,False,False,False,False,False,False,False,False,False,False
甘肃省,2000,False,False,False,False,False,False,False,False,False,False,False,False,False,False
西藏,2000,False,False,False,False,False,False,False,False,False,False,False,False,False,True
贵州省,2000,False,False,False,False,False,False,False,False,False,False,False,False,False,False
重庆市,2000,False,False,False,False,False,False,False,False,False,False,False,False,False,False
陕西省,2000,False,False,False,False,False,False,False,False,False,False,False,False,False,False
青海省,2000,False,False,False,False,False,False,False,False,False,False,False,False,False,False
吉林省,2001,False,False,False,False,False,False,False,False,False,False,False,False,False,False
辽宁省,2001,False,False,False,False,False,False,False,False,False,False,False,False,False,False
黑龙江,2001,False,False,False,False,False,False,False,False,False,False,False,False,False,False
上海市,2001,False,False,False,False,False,False,False,False,True,True,True,False,False,False
北京市,2001,False,False,False,False,False,False,False,False,False,False,False,False,True,False
天津市,2001,False,False,False,False,False,False,False,False,False,True,False,False,False,False
山东省,2001,False,False,False,False,False,False,False,False,False,False,False,False,False,False
广东省,2001,False,False,False,False,False,False,False,False,False,False,False,False,False,False
江苏省,2001,False,False,False,False,False,False,False,False,False,False,False,False,False,False
河北省,2001,False,False,False,False,False,False,False,False,False,False,False,False,False,False
浙江省,2001,False,False,False,False,False,False,False,False,False,False,False,False,False,False
海南省,2001,False,False,False,False,False,False,False,False,False,False,False,False,True,False
福建省,2001,False,False,False,False,False,False,False,False,False,False,False,False,True,False
安徽省,2001,False,False,False,False,False,False,False,False,False,False,False,False,True,False
山西省,2001,False,False,False,False,False,False,False,False,False,False,False,False,False,False
江西省,2001,False,False,False,False,False,False,False,False,False,False,False,False,True,False
河南省,2001,False,False,False,False,False,False,False,False,False,False,False,False,False,False
湖北省,2001,False,False,False,False,False,False,False,False,False,False,False,False,False,False
湖南省,2001,False,False,False,False,False,False,False,False,False,False,False,False,True,False
云南省,2001,False,False,False,False,False,False,False,False,False,False,False,False,False,False
内蒙古,2001,False,False,False,False,False,False,False,False,False,False,False,False,False,False
四川省,2001,False,False,False,False,False,False,False,False,False,False,False,False,False,False
宁夏,2001,False,False,False,False,False,False,False,False,False,False,False,False,False,False
广西,2001,False,False,False,False,False,False,False,False,False,False,False,False,True,False
新疆,2001,False,False,False,False,False,False,False,False,False,False,False,False,False,False
甘肃省,2001,False,False,False,False,False,False,False,False,False,False,False,False,False,False
西藏,2001,False,False,False,False,False,False,False,False,False,False,False,False,True,True
贵州省,2001,False,False,False,False,False,False,False,False,False,False,False,False,False,False
重庆市,2001,False,False,False,False,False,False,False,False,False,False,False,False,False,False
陕西省,2001,False,False,False,False,False,False,False,False,False,False,False,False,False,False
青海省,2001,False,False,False,False,False,False,False,False,False,False,False,False,False,False
吉林省,2002,False,False,False,False,False,False,False,False,False,False,False,False,False,False
辽宁省,2002,False,False,False,False,False,False,False,False,False,False,False,False,False,False
黑龙江,2002,False,False,False,False,False,False,False,False,False,False,False,False,False,False
上海市,2002,False,False,False,False,False,False,False,False,True,True,True,False,False,False
北京市,2002,False,False,False,False,False,False,False,False,False,False,False,False,False,False
天津市,2002,False,False,False,False,False,False,False,False,False,True,False,False,False,False
山东省,2002,False,False,False,False,False,False,False,False,False,False,False,False,False,False
广东省,2002,False,False,False,False,False,False,False,False,False,False,False,False,False,False
江苏省,2002,False,False,False,False,False,False,False,False,False,False,False,False,False,False
河北省,2002,False,False,False,False,False,False,False,False,False,False,False,False,False,False
浙江省,2002,False,False,False,False,False,False,False,False,False,False,False,False,False,False
海南省,2002,False,False,False,False,False,False,False,False,False,False,False,False,False,False
福建省,2002,False,False,False,False,False,False,False,False,False,False,False,False,False,False
安徽省,2002,False,False,False,False,False,False,False,False,False,False,False,False,False,False
山西省,2002,False,False,False,False,False,False,False,False,False,False,False,False,False,False
江西省,2002,False,False,False,False,False,False,False,False,False,False,False,False,False,False
河南省,2002,False,False,False,False,False,False,False,False,False,False,False,False,False,False
湖北省,2002,False,False,False,False,False,False,False,False,False,False,False,False,False,False
湖南省,2002,False,False,False,False,False,False,False,False,False,False,False,False,False,False
云南省,2002,False,False,False,False,False,False,False,False,False,False,False,False,False,False
内蒙古,2002,False,False,False,False,False,False,False,False,False,False,False,False,False,False
四川省,2002,False,False,False,False,False,False,False,False,False,False,False,False,False,False
宁夏,2002,False,False,False,False,False,False,False,False,False,False,False,False,False,False
广西,2002,False,False,False,False,False,False,False,False,False,False,False,False,False,False
新疆,2002,False,False,False,False,False,False,False,False,False,False,False,False,False,False
甘肃省,2002,False,False,False,False,False,False,False,False,False,False,False,False,False,False
西藏,2002,False,False,False,False,False,False,False,False,False,False,False,False,False,True
贵州省,2002,False,False,False,False,False,False,False,False,False,False,False,False,False,False
重庆市,2002,False,False,False,False,False,False,False,False,False,False,False,False,False,False
陕西省,2002,False,False,False,False,False,False,False,False,False,False,False,False,False,False
青海省,2002,False,False,False,False,False,False,False,False,False,False,False,False,False,False
吉林省,2003,False,False,False,False,False,False,False,False,False,False,False,False,False,False
辽宁省,2003,False,False,False,False,False,False,False,False,False,False,False,False,False,False
黑龙江,2003,False,False,False,False,False,False,False,False,False,False,False,False,False,False
上海市,2003,False,False,False,False,False,False,False,False,True,True,True,False,False,False
北京市,2003,False,False,False,False,False,False,False,False,False,False,False,False,True,False
天津市,2003,False,False,False,False,False,False,False,False,False,True,False,False,False,False
山东省,2003,False,False,False,False,False,False,False,False,False,False,False,False,False,False
广东省,2003,False,False,False,False,False,False,False,False,False,False,False,False,False,False
江苏省,2003,False,False,False,False,False,False,False,False,False,False,False,False,False,False
河北省,2003,False,False,False,False,False,False,False,False,False,False,False,False,False,False
浙江省,2003,False,False,False,False,False,False,False,False,False,False,False,False,True,False
海南省,2003,False,False,False,False,False,False,False,False,False,False,False,False,True,False
福建省,2003,False,False,False,False,False,False,False,False,False,False,False,False,True,False
安徽省,2003,False,False,False,False,False,False,False,False,False,False,False,False,True,False
山西省,2003,False,False,False,False,False,False,False,False,False,False,False,False,False,False
江西省,2003,False,False,False,False,False,False,False,False,False,False,False,False,True,False
河南省,2003,False,False,False,False,False,False,False,False,False,False,False,False,False,False
湖北省,2003,False,False,False,False,False,False,False,False,False,False,False,False,False,False
湖南省,2003,False,False,False,False,False,False,False,False,False,False,False,False,True,False
云南省,2003,False,False,False,False,False,False,False,False,False,False,False,False,False,False
内蒙古,2003,False,False,False,False,False,False,False,False,False,False,False,False,True,False
四川省,2003,False,False,False,False,False,False,False,False,False,False,False,False,False,False
宁夏,2003,False,False,False,False,False,False,False,False,False,False,False,False,False,False
广西,2003,False,False,False,False,False,False,False,False,False,False,False,False,True,False
新疆,2003,False,False,False,False,False,False,False,False,False,False,False,False,False,False
甘肃省,2003,False,False,False,False,False,False,False,False,False,False,False,False,False,False
西藏,2003,False,False,False,False,False,False,False,False,False,False,False,False,True,True
贵州省,2003,False,False,False,False,False,False,False,False,False,False,False,False,False,False
重庆市,2003,False,False,False,False,False,False,False,False,False,False,False,False,False,False
陕西省,2003,False,False,False,False,False,False,False,False,False,False,False,False,False,False
青海省,2003,False,False,False,False,False,False,False,False,False,False,False,False,False,False
吉林省,2004,False,False,False,False,False,False,False,False,False,False,False,False,False,False
辽宁省,2004,False,False,False,False,False,False,False,False,False,False,False,False,False,False
黑龙江,2004,False,False,False,False,False,False,False,False,False,False,False,False,False,False
上海市,2004,False,False,False,False,False,False,False,False,True,True,True,False,False,False
北京市,2004,False,False,False,False,False,False,False,False,False,False,False,False,True,False
天津市,2004,False,False,False,False,False,False,False,False,True,True,True,False,False,False
山东省,2004,False,False,False,False,False,False,False,False,False,False,False,False,False,False
广东省,2004,False,False,False,False,False,False,False,False,False,False,False,False,False,False
江苏省,2004,False,False,False,False,False,False,False,False,False,False,False,False,False,False
河北省,2004,False,False,False,False,False,False,False,False,False,False,False,False,False,False
浙江省,2004,False,False,False,False,False,False,False,False,False,False,False,False,True,False
海南省,2004,False,False,False,False,False,False,False,False,False,True,False,False,False,False
福建省,2004,False,False,False,False,False,False,False,False,False,False,False,False,True,False
安徽省,2004,False,False,False,False,False,False,False,False,False,False,False,False,True,False
山西省,2004,False,False,False,False,False,False,False,False,False,False,False,False,False,False
江西省,2004,False,False,False,False,False,False,False,False,False,False,False,False,True,False
河南省,2004,False,False,False,False,False,False,False,False,False,False,False,False,False,False
湖北省,2004,False,False,False,False,False,False,False,False,False,False,False,False,False,False
湖南省,2004,False,False,False,False,False,False,False,False,False,False,False,False,True,False
云南省,2004,False,False,False,False,False,False,False,False,False,False,False,False,False,False
内蒙古,2004,False,False,False,False,False,False,False,False,False,False,False,False,False,False
四川省,2004,False,False,False,False,False,False,False,False,False,False,False,False,False,False
宁夏,2004,False,False,False,False,False,False,False,False,False,False,False,False,False,False
广西,2004,False,False,False,False,False,False,False,False,False,False,False,False,True,False
新疆,2004,False,False,False,False,False,False,False,False,False,False,False,False,False,False
甘肃省,2004,False,False,False,False,False,False,False,False,False,False,False,False,False,False
西藏,2004,False,False,False,False,False,False,False,False,False,False,False,False,True,True
贵州省,2004,False,False,False,False,False,False,False,False,False,False,False,False,True,False
重庆市,2004,False,False,False,False,False,False,False,False,False,False,False,False,False,False
陕西省,2004,False,False,False,False,False,False,False,False,False,False,False,False,False,False
青海省,2004,False,False,False,False,False,False,False,False,False,False,False,False,False,False
吉林省,2005,False,False,False,False,False,False,False,False,False,False,False,False,False,False
辽宁省,2005,False,False,False,False,False,False,False,False,False,False,False,False,False,False
黑龙江,2005,False,False,False,False,False,False,False,False,False,False,False,False,False,False
上海市,2005,False,False,False,False,False,False,False,False,True,True,True,False,False,False
北京市,2005,False,False,False,False,False,False,False,False,False,False,False,False,False,False
天津市,2005,False,False,False,False,False,False,False,False,False,True,False,False,False,False
山东省,2005,False,False,False,False,False,False,False,False,False,False,False,False,False,False
广东省,2005,False,False,False,False,False,False,False,False,False,False,False,False,False,False
江苏省,2005,False,False,False,False,False,False,False,False,False,False,False,False,False,False
河北省,2005,False,False,False,False,False,False,False,False,False,False,False,False,False,False
浙江省,2005,False,False,False,False,False,False,False,False,False,False,False,False,False,False
海南省,2005,False,False,False,False,False,False,False,False,False,True,False,False,False,False
福建省,2005,False,False,False,False,False,False,False,False,False,False,False,False,True,False
安徽省,2005,False,False,False,False,False,False,False,False,False,False,False,False,True,False
山西省,2005,False,False,False,False,False,False,False,False,False,False,False,False,False,False
江西省,2005,False,False,False,False,False,False,False,False,False,False,False,False,True,False
河南省,2005,False,False,False,False,False,False,False,False,False,False,False,False,False,False
湖北省,2005,False,False,False,False,False,False,False,False,False,False,False,False,False,False
湖南省,2005,False,False,False,False,False,False,False,False,False,False,False,False,False,False
云南省,2005,False,False,False,False,False,False,False,False,False,False,False,False,False,False
内蒙古,2005,False,False,False,False,False,False,False,False,False,False,False,False,False,False
四川省,2005,False,False,False,False,False,False,False,False,False,False,False,False,False,False
宁夏,2005,False,False,False,False,False,False,False,False,False,False,False,False,False,False
广西,2005,False,False,False,False,False,False,False,False,False,False,False,False,True,False
新疆,2005,False,False,False,False,False,False,False,False,False,False,False,False,False,False
甘肃省,2005,False,False,False,False,False,False,False,False,False,False,False,False,False,False
西藏,2005,False,False,False,False,False,False,False,False,False,False,False,False,True,True
贵州省,2005,False,False,False,False,False,False,False,False,False,False,False,False,False,False
重庆市,2005,False,False,False,False,False,False,False,False,False,False,False,False,False,False
陕西省,2005,False,False,False,False,False,False,False,False,False,False,False,False,False,False
青海省,2005,False,False,False,False,False,False,False,False,False,False,False,False,False,False
吉林省,2006,False,False,False,False,False,False,False,False,False,False,False,False,False,False
辽宁省,2006,False,False,False,False,False,False,False,False,False,False,False,False,False,False
黑龙江,2006,False,False,False,False,False,False,False,False,False,False,False,False,False,False
上海市,2006,False,False,False,False,False,False,False,False,True,True,True,False,False,False
北京市,2006,False,False,False,False,False,False,False,False,False,False,False,False,True,False
天津市,2006,False,False,False,False,False,False,False,False,False,True,False,False,False,False
山东省,2006,False,False,False,False,False,False,False,False,False,False,False,False,False,False
广东省,2006,False,False,False,False,False,False,False,False,False,True,False,False,False,False
江苏省,2006,False,False,False,False,False,False,False,False,False,False,False,False,False,False
河北省,2006,False,False,False,False,False,False,False,False,False,False,False,False,False,False
浙江省,2006,False,False,False,False,False,False,False,False,False,False,False,False,True,False
海南省,2006,False,False,False,False,False,False,False,False,False,True,False,False,False,False
福建省,2006,False,False,False,False,False,False,False,False,False,False,False,False,True,False
安徽省,2006,False,False,False,False,False,False,False,False,False,False,False,False,True,False
山西省,2006,False,False,False,False,False,False,False,False,False,False,False,False,False,False
江西省,2006,False,False,False,False,False,False,False,False,False,False,False,False,True,False
河南省,2006,False,False,False,False,False,False,False,False,False,False,False,False,False,False
湖北省,2006,False,False,False,False,False,False,False,False,False,False,False,False,False,False
湖南省,2006,False,False,False,False,False,False,False,False,False,False,False,False,True,False
云南省,2006,False,False,False,False,False,False,False,False,False,False,False,False,False,False
内蒙古,2006,False,False,False,False,False,False,False,False,False,False,False,False,False,False
四川省,2006,False,False,False,False,False,False,False,False,False,False,False,False,False,False
宁夏,2006,False,False,False,False,False,False,False,False,False,False,False,False,True,False
广西,2006,False,False,False,False,False,False,False,False,False,False,False,False,True,False
新疆,2006,False,False,False,False,False,False,False,False,False,False,False,False,False,False
甘肃省,2006,False,False,False,False,False,False,False,False,False,False,False,False,False,False
西藏,2006,False,False,False,False,False,False,False,False,False,True,False,False,True,True
贵州省,2006,False,False,False,False,False,False,False,False,False,False,False,False,True,False
重庆市,2006,False,False,False,False,False,False,False,False,False,False,False,False,False,False
陕西省,2006,False,False,False,False,False,False,False,False,False,False,False,False,False,False
青海省,2006,False,False,False,False,False,False,False,False,False,False,False,False,False,False
吉林省,2007,False,False,False,False,False,False,False,False,False,False,False,False,False,False
辽宁省,2007,False,False,False,False,False,False,False,False,False,False,False,False,False,False
黑龙江,2007,False,False,False,False,False,False,False,False,False,False,False,False,False,False
上海市,2007,False,False,False,False,False,False,False,False,True,True,True,False,False,False
北京市,2007,False,False,False,False,False,False,False,False,False,False,False,False,True,False
天津市,2007,False,False,False,False,False,False,False,False,False,True,False,False,False,False
山东省,2007,False,False,False,False,False,False,False,False,False,False,False,False,False,False
广东省,2007,False,False,False,False,False,False,False,False,False,True,False,False,False,False
江苏省,2007,False,False,False,False,False,False,False,False,False,False,False,False,False,False
河北省,2007,False,False,False,False,False,False,False,False,False,False,False,False,False,False
浙江省,2007,False,False,False,False,False,False,False,False,False,False,False,False,True,False
海南省,2007,False,False,False,False,False,False,False,False,False,True,False,False,False,False
福建省,2007,False,False,False,False,False,False,False,False,False,False,False,False,True,False
安徽省,2007,False,False,False,False,False,False,False,False,False,False,False,False,True,False
山西省,2007,False,False,False,False,False,False,False,False,False,False,False,False,True,False
江西省,2007,False,False,False,False,False,False,False,False,False,False,False,False,True,False
河南省,2007,False,False,False,False,False,False,False,False,False,False,False,False,False,False
湖北省,2007,False,False,False,False,False,False,False,False,False,False,False,False,False,False
湖南省,2007,False,False,False,False,False,False,False,False,False,False,False,False,True,False
云南省,2007,False,False,False,False,False,False,False,False,False,False,False,False,False,False
内蒙古,2007,False,False,False,False,False,False,False,False,False,False,False,False,False,False
四川省,2007,False,False,False,False,False,False,False,False,False,False,False,False,False,False
宁夏,2007,False,False,False,False,False,False,False,False,False,False,False,False,True,False
广西,2007,False,False,False,False,False,False,False,False,False,False,False,False,True,False
新疆,2007,False,False,False,False,False,False,False,False,False,False,False,False,False,False
甘肃省,2007,False,False,False,False,False,False,False,False,False,False,False,False,False,False
西藏,2007,False,False,False,False,False,False,False,False,False,True,False,False,True,True
贵州省,2007,False,False,False,False,False,False,False,False,False,False,False,False,True,False
重庆市,2007,False,False,False,False,False,False,False,False,False,False,False,False,False,False
陕西省,2007,False,False,False,False,False,False,False,False,False,False,False,False,False,False
青海省,2007,False,False,False,False,False,False,False,False,False,False,False,False,False,False
吉林省,2008,False,False,False,False,False,False,False,False,False,False,False,False,False,False
辽宁省,2008,False,False,False,False,False,False,False,False,False,False,False,False,False,False
黑龙江,2008,False,False,False,False,False,False,False,False,False,False,False,False,False,False
上海市,2008,False,False,False,False,False,False,False,False,True,False,True,False,False,False
北京市,2008,False,False,False,False,False,False,False,False,False,False,False,False,True,False
天津市,2008,False,False,False,False,False,False,False,False,False,True,False,False,False,False
山东省,2008,False,False,False,False,False,False,False,False,False,False,False,False,False,False
广东省,2008,False,False,False,False,False,False,False,False,False,False,False,False,False,False
江苏省,2008,False,False,False,False,False,False,False,False,False,False,False,False,False,False
河北省,2008,False,False,False,False,False,False,False,False,False,False,False,False,False,False
浙江省,2008,False,False,False,False,False,False,False,False,False,False,False,False,False,False
海南省,2008,False,False,False,False,False,False,False,False,False,False,False,False,False,False
福建省,2008,False,False,False,False,False,False,False,False,False,False,False,False,True,False
安徽省,2008,False,False,False,False,False,False,False,False,False,False,False,False,True,False
山西省,2008,False,False,False,False,False,False,False,False,False,False,False,False,False,False
江西省,2008,False,False,False,False,False,False,False,False,False,False,False,False,False,False
河南省,2008,False,False,False,False,False,False,False,False,False,False,False,False,False,False
湖北省,2008,False,False,False,False,False,False,False,False,False,False,False,False,False,False
湖南省,2008,False,False,False,False,False,False,False,False,False,False,False,False,False,False
云南省,2008,False,False,False,False,False,False,False,False,False,False,False,False,False,False
内蒙古,2008,False,False,False,False,False,False,False,False,False,False,False,False,False,False
四川省,2008,False,False,False,False,False,False,False,False,False,False,False,False,False,False
宁夏,2008,False,False,False,False,False,False,False,False,False,False,False,False,True,False
广西,2008,False,False,False,False,False,False,False,False,False,False,False,False,False,False
新疆,2008,False,False,False,False,False,False,False,False,False,False,False,False,False,False
甘肃省,2008,False,False,False,False,False,False,False,False,False,False,False,False,False,False
西藏,2008,False,False,False,False,False,False,False,False,False,True,False,False,True,True
贵州省,2008,False,False,False,False,False,False,False,False,False,False,False,False,True,False
重庆市,2008,False,False,False,False,False,False,False,False,False,False,False,False,False,False
陕西省,2008,False,False,False,False,False,False,False,False,False,False,False,False,False,False
青海省,2008,False,False,False,False,False,False,False,False,False,False,False,False,False,False
吉林省,2009,False,False,False,False,False,False,False,False,False,False,False,False,False,False
辽宁省,2009,False,False,False,False,False,False,False,False,False,False,False,False,False,False
黑龙江,2009,False,False,False,False,False,False,False,False,False,False,False,False,False,False
上海市,2009,False,False,False,False,False,False,False,False,True,True,True,False,False,False
北京市,2009,False,False,False,False,False,False,False,False,False,False,False,False,True,False
天津市,2009,False,False,False,False,False,False,False,False,False,True,False,False,False,False
山东省,2009,False,False,False,False,False,False,False,False,False,False,False,False,False,False
广东省,2009,False,False,False,False,False,False,False,False,False,True,False,False,False,False
江苏省,2009,False,False,False,False,False,False,False,False,False,False,False,False,False,False
河北省,2009,False,False,False,False,False,False,False,False,False,False,False,False,False,False
浙江省,2009,False,False,False,False,False,False,False,False,False,False,False,False,True,False
海南省,2009,False,False,False,False,False,False,False,False,False,True,False,False,False,False
福建省,2009,False,False,False,False,False,False,False,False,False,False,False,False,True,False
安徽省,2009,False,False,False,False,False,False,False,False,False,False,False,False,True,False
山西省,2009,False,False,False,False,False,False,False,False,False,False,False,False,True,False
江西省,2009,False,False,False,False,False,False,False,False,False,False,False,False,True,False
河南省,2009,False,False,False,False,False,False,False,False,False,False,False,False,False,False
湖北省,2009,False,False,False,False,False,False,False,False,False,False,False,False,False,False
湖南省,2009,False,False,False,False,False,False,False,False,False,False,False,False,True,False
云南省,2009,False,False,False,False,False,False,False,False,False,False,False,False,False,False
内蒙古,2009,False,False,False,False,False,False,False,False,False,False,False,False,False,False
四川省,2009,False,False,False,False,False,False,False,False,False,False,False,False,False,False
宁夏,2009,False,False,False,False,False,False,False,False,False,False,False,False,True,False
广西,2009,False,False,False,False,False,False,False,False,False,False,False,False,True,False
新疆,2009,False,False,False,False,False,False,False,False,False,False,False,False,False,False
甘肃省,2009,False,False,False,False,False,False,False,False,False,False,False,False,False,False
西藏,2009,False,False,False,False,False,False,False,False,False,True,False,False,True,True
贵州省,2009,False,False,False,False,False,False,False,False,False,False,False,False,False,False
重庆市,2009,False,False,False,False,False,False,False,False,False,False,False,False,False,False
陕西省,2009,False,False,False,False,False,False,False,False,False,False,False,False,False,False
青海省,2009,False,False,False,False,False,False,False,False,False,False,False,False,False,False
吉林省,2010,False,False,False,False,False,False,False,False,False,False,False,False,False,False
辽宁省,2010,False,False,False,False,False,False,False,False,False,False,False,False,False,False
黑龙江,2010,False,False,False,False,False,False,False,False,False,False,False,False,False,False
上海市,2010,False,False,False,False,False,False,False,False,True,False,True,False,False,False
北京市,2010,False,False,False,False,False,False,False,False,False,False,False,False,True,False
天津市,2010,False,False,False,False,False,False,False,False,False,False,False,False,False,False
山东省,2010,False,False,False,False,False,False,False,False,False,False,False,False,False,False
广东省,2010,False,False,False,False,False,False,False,False,False,False,False,False,False,False
江苏省,2010,False,False,False,False,False,False,False,False,False,False,False,False,False,False
河北省,2010,False,False,False,False,False,False,False,False,False,False,False,False,False,False
浙江省,2010,False,False,False,False,False,False,False,False,False,False,False,False,True,False
海南省,2010,False,False,False,False,False,False,False,False,False,False,False,False,False,False
福建省,2010,False,False,False,False,False,False,False,False,False,False,False,False,True,False
安徽省,2010,False,False,False,False,False,False,False,False,False,False,False,False,True,False
山西省,2010,False,False,False,False,False,False,False,False,False,False,False,False,True,False
江西省,2010,False,False,False,False,False,False,False,False,False,False,False,False,True,False
河南省,2010,False,False,False,False,False,False,False,False,False,False,False,False,False,False
湖北省,2010,False,False,False,False,False,False,False,False,False,False,False,False,False,False
湖南省,2010,False,False,False,False,False,False,False,False,False,False,False,False,True,False
云南省,2010,False,False,False,False,False,False,False,False,False,False,False,False,False,False
内蒙古,2010,False,False,False,False,False,False,False,False,False,False,False,False,False,False
四川省,2010,False,False,False,False,False,False,False,False,False,False,False,False,False,False
宁夏,2010,False,False,False,False,False,False,False,False,False,False,False,False,True,False
广西,2010,False,False,False,False,False,False,False,False,False,False,False,False,True,False
新疆,2010,False,False,False,False,False,False,False,False,False,False,False,False,False,False
甘肃省,2010,False,False,False,False,False,False,False,False,False,False,False,False,False,False
西藏,2010,False,False,False,False,False,False,False,False,False,True,False,False,True,True
贵州省,2010,False,False,False,False,False,False,False,False,False,False,False,False,False,False
重庆市,2010,False,False,False,False,False,False,False,False,False,False,False,False,False,False
陕西省,2010,False,False,False,False,False,False,False,False,False,False,False,False,False,False
青海省,2010,False,False,False,False,False,False,False,False,False,False,False,False,False,False
吉林省,2011,False,False,False,False,False,False,False,False,False,False,False,False,False,False
辽宁省,2011,False,False,False,False,False,False,False,False,False,False,False,False,False,False
黑龙江,2011,False,False,False,False,False,False,False,False,False,False,False,False,False,False
上海市,2011,False,False,False,False,False,False,False,False,True,True,True,False,False,False
北京市,2011,False,False,False,False,False,False,False,False,False,False,False,False,True,False
天津市,2011,False,False,False,False,False,False,False,False,False,True,False,False,False,False
山东省,2011,False,False,False,False,False,False,False,False,False,False,False,False,False,False
广东省,2011,False,False,False,False,False,False,False,False,False,True,False,False,False,False
江苏省,2011,False,False,False,False,False,False,False,False,False,False,False,False,False,False
河北省,2011,False,False,False,False,False,False,False,False,False,False,False,False,False,False
浙江省,2011,False,False,False,False,False,False,False,False,False,False,False,False,True,False
海南省,2011,False,False,False,False,False,False,False,False,False,True,False,False,False,False
福建省,2011,False,False,False,False,False,False,False,False,False,False,False,False,True,False
安徽省,2011,False,False,False,False,False,False,False,False,False,False,False,False,True,False
山西省,2011,False,False,False,False,False,False,False,False,False,False,False,False,True,False
江西省,2011,False,False,False,False,False,False,False,False,False,False,False,False,True,False
河南省,2011,False,False,False,False,False,False,False,False,False,False,False,False,False,False
湖北省,2011,False,False,False,False,False,False,False,False,False,False,False,False,False,False
湖南省,2011,False,False,False,False,False,False,False,False,False,False,False,False,True,False
云南省,2011,False,False,False,False,False,False,False,False,False,False,False,False,False,False
内蒙古,2011,False,False,False,False,False,False,False,False,False,False,False,False,False,False
四川省,2011,False,False,False,False,False,False,False,False,False,False,False,False,False,False
宁夏,2011,False,False,False,False,False,False,False,False,False,False,False,False,False,False
广西,2011,False,False,False,False,False,False,False,False,False,False,False,False,True,False
新疆,2011,False,False,False,False,False,False,False,False,False,False,False,False,False,False
甘肃省,2011,False,False,False,False,False,False,False,False,False,False,False,False,False,False
西藏,2011,False,False,False,False,False,False,False,False,False,True,False,False,True,True
贵州省,2011,False,False,False,False,False,False,False,False,False,False,False,False,True,False
重庆市,2011,False,False,False,False,False,False,False,False,False,False,False,False,False,False
陕西省,2011,False,False,False,False,False,False,False,False,False,False,False,False,False,False
青海省,2011,False,False,False,False,False,False,False,False,False,False,False,False,False,False
吉林省,2012,False,False,False,False,False,False,False,False,False,False,False,False,False,False
辽宁省,2012,False,False,False,False,False,False,False,False,False,False,False,False,False,False
黑龙江,2012,False,False,False,False,False,False,False,False,False,False,False,False,False,False
上海市,2012,False,False,False,False,False,False,False,False,True,True,True,False,False,False
北京市,2012,False,False,False,False,False,False,False,False,False,False,False,False,True,False
天津市,2012,False,False,False,False,False,False,False,False,True,True,True,False,False,False
山东省,2012,False,False,False,False,False,False,False,False,False,False,False,False,False,False
广东省,2012,False,False,False,False,False,False,False,False,False,True,False,False,False,False
江苏省,2012,False,False,False,False,False,False,False,False,False,False,False,False,False,False
河北省,2012,False,False,False,False,False,False,False,False,False,False,False,False,False,False
浙江省,2012,False,False,False,False,False,False,False,False,False,False,False,False,False,False
海南省,2012,False,False,False,False,False,False,False,False,False,True,False,False,False,False
福建省,2012,False,False,False,False,False,False,False,False,False,False,False,False,True,False
安徽省,2012,False,False,False,False,False,False,False,False,False,False,False,False,True,False
山西省,2012,False,False,False,False,False,False,False,False,False,False,False,False,True,False
江西省,2012,False,False,False,False,False,False,False,False,False,False,False,False,True,False
河南省,2012,False,False,False,False,False,False,False,False,False,False,False,False,False,False
湖北省,2012,False,False,False,False,False,False,False,False,False,False,False,False,False,False
湖南省,2012,False,False,False,False,False,False,False,False,False,False,False,False,True,False
云南省,2012,False,False,False,False,False,False,False,False,False,False,False,False,False,False
内蒙古,2012,False,False,False,False,False,False,False,False,False,False,False,False,False,False
四川省,2012,False,False,False,False,False,False,False,False,False,False,False,False,False,False
宁夏,2012,False,False,False,False,False,False,False,False,False,False,False,False,False,False
广西,2012,False,False,False,False,False,False,False,False,False,False,False,False,True,False
新疆,2012,False,False,False,False,False,False,False,False,False,False,False,False,False,False
甘肃省,2012,False,False,False,False,False,False,False,False,False,False,False,False,False,False
西藏,2012,False,False,False,False,False,False,False,False,False,True,False,False,True,True
贵州省,2012,False,False,False,False,False,False,False,False,False,False,False,False,True,False
重庆市,2012,False,False,False,False,False,False,False,False,False,False,False,False,False,False
陕西省,2012,False,False,False,False,False,False,False,False,False,False,False,False,False,False
青海省,2012,False,False,False,False,False,False,False,False,False,False,False,False,False,False
吉林省,2013,False,False,False,False,False,False,False,False,False,False,False,False,False,False
辽宁省,2013,False,False,False,False,False,False,False,False,False,False,False,False,False,False
黑龙江,2013,False,False,False,False,False,False,False,False,False,False,False,False,False,False
上海市,2013,False,False,False,False,False,False,False,False,True,True,True,False,False,False
北京市,2013,False,False,False,False,False,False,False,False,False,False,False,False,False,False
天津市,2013,False,False,False,False,False,False,False,False,False,True,False,False,False,False
山东省,2013,False,False,False,False,False,False,False,False,False,False,False,False,False,False
广东省,2013,False,False,False,False,False,False,False,False,False,True,False,False,False,False
江苏省,2013,False,False,False,False,False,False,False,False,False,False,False,False,False,False
河北省,2013,False,False,False,False,False,False,False,False,False,False,False,False,False,False
浙江省,2013,False,False,False,False,False,False,False,False,False,False,False,False,True,False
海南省,2013,False,False,False,False,False,False,False,False,False,True,False,False,False,False
福建省,2013,False,False,False,False,False,False,False,False,False,False,False,False,True,False
安徽省,2013,False,False,False,False,False,False,False,False,False,False,False,False,True,False
山西省,2013,False,False,False,False,False,False,False,False,False,False,False,False,False,False
江西省,2013,False,False,False,False,False,False,False,False,False,False,False,False,True,False
河南省,2013,False,False,False,False,False,False,False,False,False,False,False,False,False,False
湖北省,2013,False,False,False,False,False,False,False,False,False,False,False,False,False,False
湖南省,2013,False,False,False,False,False,False,False,False,False,False,False,False,True,False
云南省,2013,False,False,False,False,False,False,False,False,False,False,False,False,False,False
内蒙古,2013,False,False,False,False,False,False,False,False,False,False,False,False,False,False
四川省,2013,False,False,False,False,False,False,False,False,False,False,False,False,False,False
宁夏,2013,False,False,False,False,False,False,False,False,False,False,False,False,True,False
广西,2013,False,False,False,False,False,False,False,False,False,False,False,False,False,False
新疆,2013,False,False,False,False,False,False,False,False,False,False,False,False,False,False
甘肃省,2013,False,False,False,False,False,False,False,False,False,False,False,False,False,False
西藏,2013,False,False,False,False,False,False,False,False,False,True,False,False,True,True
贵州省,2013,False,False,False,False,False,False,False,False,False,False,False,False,False,False
重庆市,2013,False,False,False,False,False,False,False,False,False,False,False,False,False,False
陕西省,2013,False,False,False,False,False,False,False,False,False,False,False,False,False,False
青海省,2013,False,False,False,False,False,False,False,False,False,False,False,False,False,False
吉林省,2014,False,False,False,False,False,False,False,False,False,False,False,False,False,False
辽宁省,2014,False,False,False,False,False,False,False,False,False,False,False,False,False,False
黑龙江,2014,False,False,False,False,False,False,False,False,False,False,False,False,False,False
上海市,2014,False,False,False,False,False,False,False,False,False,True,False,False,False,False
北京市,2014,False,False,False,False,False,False,False,False,False,False,False,False,False,False
天津市,2014,False,False,False,False,False,False,False,False,False,True,False,False,False,False
山东省,2014,False,False,False,False,False,False,False,False,False,False,False,False,False,False
广东省,2014,False,False,False,False,False,False,False,False,False,True,False,False,False,False
江苏省,2014,False,False,False,False,False,False,False,False,False,False,False,False,False,False
河北省,2014,False,False,False,False,False,False,False,False,False,False,False,False,False,False
浙江省,2014,False,False,False,False,False,False,False,False,False,True,False,False,False,False
海南省,2014,False,False,False,False,False,False,False,False,False,True,False,False,False,False
福建省,2014,False,False,False,False,False,False,False,False,False,False,False,False,False,False
安徽省,2014,False,False,False,False,False,False,False,False,False,False,False,False,False,False
山西省,2014,False,False,False,False,False,False,False,False,False,False,False,False,False,False
江西省,2014,False,False,False,False,False,False,False,False,False,False,False,False,False,False
河南省,2014,False,False,False,False,False,False,False,False,False,False,False,False,False,False
湖北省,2014,False,False,False,False,False,False,False,False,False,False,False,False,False,False
湖南省,2014,False,False,False,False,False,False,False,False,False,False,False,False,False,False
云南省,2014,False,False,False,False,False,False,False,False,False,False,False,False,False,False
内蒙古,2014,False,False,False,False,False,False,False,False,False,False,False,False,False,False
四川省,2014,False,False,False,False,False,False,False,False,False,False,False,False,False,False
宁夏,2014,False,False,False,False,False,False,False,False,False,False,False,False,False,False
广西,2014,False,False,False,False,False,False,False,False,False,False,False,False,False,False
新疆,2014,False,False,False,False,False,False,False,False,False,False,False,False,False,False
甘肃省,2014,False,False,False,False,False,False,False,False,False,False,False,False,False,False
西藏,2014,False,False,False,False,False,False,False,False,False,True,False,False,False,True
贵州省,2014,False,False,False,False,False,False,False,False,False,False,False,False,False,False
重庆市,2014,False,False,False,False,False,False,False,False,False,False,False,False,False,False
陕西省,2014,False,False,False,False,False,False,False,False,False,False,False,False,False,False
青海省,2014,False,False,False,False,False,False,False,False,False,False,False,False,False,False
吉林省,2015,False,False,False,False,False,False,False,False,False,False,False,False,False,False
辽宁省,2015,False,False,False,False,False,False,False,False,False,False,False,False,False,False
黑龙江,2015,False,False,False,False,False,False,False,False,False,False,False,False,False,False
上海市,2015,False,False,False,False,False,False,False,False,True,True,True,False,False,False
北京市,2015,False,False,False,False,False,False,False,False,False,False,False,False,False,False
天津市,2015,False,False,False,False,False,False,False,False,False,True,False,False,False,False
山东省,2015,False,False,False,False,False,False,False,False,False,False,False,False,False,False
广东省,2015,False,False,False,False,False,False,False,False,False,True,False,False,False,False
江苏省,2015,False,False,False,False,False,False,False,False,False,False,False,False,False,False
河北省,2015,False,False,False,False,False,False,False,False,False,False,False,False,False,False
浙江省,2015,False,False,False,False,False,False,False,False,False,True,False,False,True,False
海南省,2015,False,False,False,False,False,False,False,False,False,True,False,False,False,False
福建省,2015,False,False,False,False,False,False,False,False,False,False,False,False,True,False
安徽省,2015,False,False,False,False,False,False,False,False,False,False,False,False,True,False
山西省,2015,False,False,False,False,False,False,False,False,False,False,False,False,False,False
江西省,2015,False,False,False,False,False,False,False,False,False,False,False,False,False,False
河南省,2015,False,False,False,False,False,False,False,False,False,False,False,False,False,False
湖北省,2015,False,False,False,False,False,False,False,False,False,False,False,False,False,False
湖南省,2015,False,False,False,False,False,False,False,False,False,False,False,False,True,False
云南省,2015,False,False,False,False,False,False,False,False,False,False,False,False,True,False
内蒙古,2015,False,False,False,False,False,False,False,False,False,False,False,False,False,False
四川省,2015,False,False,False,False,False,False,False,False,False,False,False,False,False,False
宁夏,2015,False,False,False,False,False,False,False,False,False,False,False,False,True,False
广西,2015,False,False,False,False,False,False,False,False,False,False,False,False,False,False
新疆,2015,False,False,False,False,False,False,False,False,False,False,False,False,False,False
甘肃省,2015,False,False,False,False,False,False,False,False,False,False,False,False,False,False
西藏,2015,False,False,False,False,False,False,False,False,False,True,False,False,True,True
贵州省,2015,False,False,False,False,False,False,False,False,False,False,False,False,False,False
重庆市,2015,False,False,False,False,False,False,False,False,False,False,False,False,False,False
陕西省,2015,False,False,False,False,False,False,False,False,False,False,False,False,False,False
青海省,2015,False,False,False,False,False,False,False,False,False,False,False,False,False,False
吉林省,2016,False,False,False,False,False,False,False,False,False,False,True,False,False,False
辽宁省,2016,False,False,False,False,False,False,False,False,False,False,False,False,False,False
黑龙江,2016,False,False,False,False,False,False,False,False,False,False,True,False,False,False
上海市,2016,False,False,False,False,False,False,False,False,True,True,True,False,False,False
北京市,2016,False,False,False,False,False,False,False,False,False,False,True,False,False,False
天津市,2016,False,False,False,False,False,False,False,False,False,True,True,False,False,False
山东省,2016,False,False,False,False,False,False,False,False,False,False,True,False,False,False
广东省,2016,False,False,False,False,False,False,False,False,False,True,False,False,False,False
江苏省,2016,False,False,False,False,False,False,False,False,False,False,False,False,False,False
河北省,2016,False,False,False,False,False,False,False,False,False,False,True,False,False,False
浙江省,2016,False,False,False,False,False,False,False,False,False,True,False,False,True,False
海南省,2016,False,False,False,False,False,False,False,False,False,True,False,False,False,False
福建省,2016,False,False,False,False,False,False,False,False,False,False,False,False,True,False
安徽省,2016,False,False,False,False,False,False,False,False,False,False,True,False,False,False
山西省,2016,False,False,False,False,False,False,False,False,False,False,True,False,False,False
江西省,2016,False,False,False,False,False,False,False,False,False,False,True,False,False,False
河南省,2016,False,False,False,False,False,False,False,False,False,False,True,False,False,False
湖北省,2016,False,False,False,False,False,False,False,False,False,False,True,False,False,False
湖南省,2016,False,False,False,False,False,False,False,False,False,False,True,False,True,False
云南省,2016,False,False,False,False,False,False,False,False,False,False,True,False,False,False
内蒙古,2016,False,False,False,False,False,False,False,False,False,False,True,False,False,False
四川省,2016,False,False,False,False,False,False,False,False,False,False,True,False,False,False
宁夏,2016,False,False,False,False,False,False,False,False,False,False,True,False,True,False
广西,2016,False,False,False,False,False,False,False,False,False,False,False,False,False,False
新疆,2016,False,False,False,False,False,False,False,False,False,False,True,False,False,False
甘肃省,2016,False,False,False,False,False,False,False,False,False,False,True,False,False,False
西藏,2016,False,False,False,False,False,False,False,False,False,True,True,False,True,True
贵州省,2016,False,False,False,False,False,False,False,False,False,False,True,False,False,False
重庆市,2016,False,False,False,False,False,False,False,False,False,False,True,False,False,False
陕西省,2016,False,False,False,False,False,False,False,False,False,False,True,False,False,False
青海省,2016,False,False,False,False,False,False,False,False,False,False,True,False,False,False
吉林省,2017,False,False,False,False,False,False,False,False,False,False,True,False,False,False
辽宁省,2017,False,False,False,False,False,False,False,False,False,False,False,False,False,False
黑龙江,2017,False,False,False,False,False,False,False,False,False,False,True,False,False,False
上海市,2017,False,False,False,False,False,False,False,False,True,True,True,False,False,False
北京市,2017,False,False,False,False,False,False,False,False,False,False,True,False,False,False
天津市,2017,False,False,False,False,False,False,False,False,False,True,True,False,False,False
山东省,2017,False,False,False,False,False,False,False,False,False,False,True,False,False,False
广东省,2017,False,False,False,False,False,False,False,False,False,True,False,False,False,False
江苏省,2017,False,False,False,False,False,False,False,False,False,False,False,False,False,False
河北省,2017,False,False,False,False,False,False,False,False,False,False,True,False,False,False
浙江省,2017,False,False,False,False,False,False,False,False,False,True,False,False,False,False
海南省,2017,False,False,False,False,False,False,False,False,False,True,False,False,False,False
福建省,2017,False,False,False,False,False,False,False,False,False,False,False,False,True,False
安徽省,2017,False,False,False,False,False,False,False,False,False,False,True,False,False,False
山西省,2017,False,False,False,False,False,False,False,False,False,False,True,False,False,False
江西省,2017,False,False,False,False,False,False,False,False,False,False,True,False,False,False
河南省,2017,False,False,False,False,False,False,False,False,False,False,True,False,False,False
湖北省,2017,False,False,False,False,False,False,False,False,False,False,True,False,False,False
湖南省,2017,False,False,False,False,False,False,False,False,False,False,True,False,True,False
云南省,2017,False,False,False,False,False,False,False,False,False,False,True,False,False,False
内蒙古,2017,False,False,False,False,False,False,False,False,False,False,True,False,False,False
四川省,2017,False,False,False,False,False,False,False,False,False,False,True,False,False,False
宁夏,2017,False,False,False,False,False,False,False,False,False,False,True,False,True,False
广西,2017,False,False,False,False,False,False,False,False,False,False,False,False,False,False
新疆,2017,False,False,False,False,False,False,False,False,False,False,True,False,False,False
甘肃省,2017,False,False,False,False,False,False,False,False,False,False,True,False,False,False
西藏,2017,False,False,False,False,False,False,False,False,False,True,True,False,True,True
贵州省,2017,False,False,False,False,False,False,False,False,False,False,True,False,False,False
重庆市,2017,False,False,False,False,False,False,False,False,False,False,True,False,False,False
陕西省,2017,False,False,False,False,False,False,False,False,False,False,True,False,False,False
青海省,2017,False,False,False,False,False,False,False,False,False,False,True,False,False,False
吉林省,2018,False,False,False,False,False,False,False,False,False,False,True,False,False,False
辽宁省,2018,False,False,False,False,False,False,False,False,False,False,False,False,False,False
黑龙江,2018,False,False,False,False,False,False,False,False,False,False,True,False,False,False
上海市,2018,False,False,False,False,False,False,False,False,True,True,True,False,False,False
北京市,2018,False,False,False,False,False,False,False,False,False,False,True,False,False,False
天津市,2018,False,False,False,False,False,False,False,False,False,True,True,False,False,False
山东省,2018,False,False,False,False,False,False,False,False,False,False,False,False,False,False
广东省,2018,False,False,False,False,False,False,False,False,False,True,False,False,False,False
江苏省,2018,False,False,False,False,False,False,False,False,False,False,False,False,False,False
河北省,2018,False,False,False,False,False,False,False,False,False,False,True,False,False,False
浙江省,2018,False,False,False,False,False,False,False,False,False,True,False,False,True,False
海南省,2018,False,False,False,False,False,False,False,False,False,True,False,False,False,False
福建省,2018,False,False,False,False,False,False,False,False,False,False,False,False,True,False
安徽省,2018,False,False,False,False,False,False,False,False,False,False,True,False,False,False
山西省,2018,False,False,False,False,False,False,False,False,False,False,True,False,False,False
江西省,2018,False,False,False,False,False,False,False,False,False,False,True,False,False,False
河南省,2018,False,False,False,False,False,False,False,False,False,False,True,False,False,False
湖北省,2018,False,False,False,False,False,False,False,False,False,False,True,False,False,False
湖南省,2018,False,False,False,False,False,False,False,False,False,False,True,False,True,False
云南省,2018,False,False,False,False,False,False,False,False,False,False,True,False,True,False
内蒙古,2018,False,False,False,False,False,False,False,False,False,False,True,False,False,False
四川省,2018,False,False,False,False,False,False,False,False,False,False,True,False,False,False
宁夏,2018,False,False,False,False,False,False,False,False,False,False,True,False,True,False
广西,2018,False,False,False,False,False,False,False,False,False,False,False,False,False,False
新疆,2018,False,False,False,False,False,False,False,False,False,False,True,False,False,False
甘肃省,2018,False,False,False,False,False,False,False,False,False,False,True,False,False,False
西藏,2018,False,False,False,False,False,False,False,False,False,True,True,False,True,True
贵州省,2018,False,False,False,False,False,False,False,False,False,False,True,False,False,False
重庆市,2018,False,False,False,False,False,False,False,False,False,False,True,False,False,False
陕西省,2018,False,False,False,False,False,False,False,False,False,False,True,False,False,False
青海省,2018,False,False,False,False,False,False,False,False,False,False,True,False,False,False
吉林省,2019,False,False,False,False,False,False,False,False,False,False,True,False,False,False
辽宁省,2019,False,False,False,False,False,False,False,False,False,False,False,False,False,False
黑龙江,2019,False,False,False,False,False,False,False,False,False,False,True,False,False,False
上海市,2019,False,False,False,False,False,False,False,False,True,True,True,False,False,False
北京市,2019,False,False,False,False,False,False,False,False,False,False,True,False,False,False
天津市,2019,False,False,False,False,False,False,False,False,False,True,True,False,False,False
山东省,2019,False,False,False,False,False,False,False,False,False,False,False,False,False,False
广东省,2019,False,False,False,False,False,False,False,False,False,True,False,False,False,False
江苏省,2019,False,False,False,False,False,False,False,False,False,False,False,False,False,False
河北省,2019,False,False,False,False,False,False,False,False,False,False,True,False,False,False
浙江省,2019,False,False,False,False,False,False,False,False,False,True,False,False,False,False
海南省,2019,False,False,False,False,False,False,False,False,False,True,False,False,False,False
福建省,2019,False,False,False,False,False,False,False,False,False,False,False,False,True,False
安徽省,2019,False,False,False,False,False,False,False,False,False,False,True,False,False,False
山西省,2019,False,False,False,False,False,False,False,False,False,False,True,False,False,False
江西省,2019,False,False,False,False,False,False,False,False,False,False,True,False,False,False
河南省,2019,False,False,False,False,False,False,False,False,False,False,True,False,False,False
湖北省,2019,False,False,False,False,False,False,False,False,False,False,True,False,False,False
湖南省,2019,False,False,False,False,False,False,False,False,False,False,True,False,True,False
云南省,2019,False,False,False,False,False,False,False,False,False,False,True,False,True,False
内蒙古,2019,False,False,False,False,False,False,False,False,False,False,True,False,False,False
四川省,2019,False,False,False,False,False,False,False,False,False,False,True,False,False,False
宁夏,2019,False,False,False,False,False,False,False,False,False,False,True,False,True,False
广西,2019,False,False,False,False,False,False,False,False,False,False,False,False,False,False
新疆,2019,False,False,False,False,False,False,False,False,False,False,True,False,False,False
甘肃省,2019,False,False,False,False,False,False,False,False,False,False,True,False,False,False
西藏,2019,False,False,False,False,False,False,False,False,False,True,True,False,True,True
贵州省,2019,False,False,False,False,False,False,False,False,False,False,True,False,False,False
重庆市,2019,False,False,False,False,False,False,False,False,False,False,True,False,False,False
陕西省,2019,False,False,False,False,False,False,False,False,False,False,True,False,False,False
青海省,2019,False,False,False,False,False,False,False,False,False,False,True,False,False,False
吉林省,2020,False,False,False,False,False,False,False,False,False,False,True,False,False,False
辽宁省,2020,False,False,False,False,False,False,False,False,False,False,False,False,False,False
黑龙江,2020,False,False,False,False,False,False,False,False,False,False,True,False,False,False
上海市,2020,False,False,False,False,False,False,False,False,True,False,True,False,False,False
北京市,2020,False,False,False,False,False,False,False,False,False,False,True,False,False,False
天津市,2020,False,False,False,False,False,False,False,False,False,False,True,False,False,False
山东省,2020,False,False,False,False,False,False,False,False,False,False,False,False,False,False
广东省,2020,False,False,False,False,False,False,False,False,False,False,False,False,False,False
江苏省,2020,False,False,False,False,False,False,False,False,False,False,False,False,False,False
河北省,2020,False,False,False,False,False,False,False,False,False,False,True,False,False,False
浙江省,2020,False,False,False,False,False,False,False,False,False,False,False,False,True,False
海南省,2020,False,False,False,False,False,False,False,False,False,False,False,False,False,False
福建省,2020,False,False,False,False,False,False,False,False,False,False,False,False,True,False
安徽省,2020,False,False,False,False,False,False,False,False,False,False,True,False,False,False
山西省,2020,False,False,False,False,False,False,False,False,False,False,True,False,False,False
江西省,2020,False,False,False,False,False,False,False,False,False,False,True,False,True,False
河南省,2020,False,False,False,False,False,False,False,False,False,False,True,False,False,False
湖北省,2020,False,False,False,False,False,False,False,False,False,False,True,False,False,False
湖南省,2020,False,False,False,False,False,False,False,False,False,False,True,False,False,False
云南省,2020,False,False,False,False,False,False,False,False,False,False,True,False,True,False
内蒙古,2020,False,False,False,False,False,False,False,False,False,False,True,False,False,False
四川省,2020,False,False,False,False,False,False,False,False,False,False,True,False,False,False
宁夏,2020,False,False,False,False,False,False,False,False,False,False,True,False,True,False
广西,2020,False,False,False,False,False,False,False,False,False,False,False,False,False,False
新疆,2020,False,False,False,False,False,False,False,False,False,False,True,False,False,False
甘肃省,2020,False,False,False,False,False,False,False,False,False,False,True,False,False,False
西藏,2020,False,False,False,False,False,False,False,False,False,False,True,False,True,True
贵州省,2020,False,False,False,False,False,False,False,False,False,False,True,False,False,False
重庆市,2020,False,False,False,False,False,False,False,False,False,False,True,False,False,False
陕西省,2020,False,False,False,False,False,False,False,False,False,False,True,False,False,False
青海省,2020,False,False,False,False,False,False,False,False,False,False,True,False,False,False
吉林省,2021,False,False,False,False,False,False,False,False,False,False,False,False,False,False
辽宁省,2021,False,False,False,False,False,False,False,False,False,False,False,False,False,False
黑龙江,2021,False,False,False,False,False,False,False,False,False,False,False,False,False,False
上海市,2021,False,False,False,False,False,False,False,False,True,False,False,False,False,False
北京市,2021,False,False,False,False,False,False,False,False,False,False,False,False,False,False
天津市,2021,False,False,False,False,False,False,False,False,False,False,False,False,False,False
山东省,2021,False,False,False,False,False,False,False,False,False,False,False,False,False,False
广东省,2021,False,False,False,False,False,False,False,False,False,False,False,False,False,False
江苏省,2021,False,False,False,False,False,False,False,False,False,False,False,False,False,False
河北省,2021,False,False,False,False,False,False,False,False,False,False,False,False,False,False
浙江省,2021,False,False,False,False,False,False,False,False,False,False,False,False,True,False
海南省,2021,False,False,False,False,False,False,False,False,False,False,False,False,False,False
福建省,2021,False,False,False,False,False,False,False,False,False,False,False,False,True,False
安徽省,2021,False,False,False,False,False,False,False,False,False,False,False,False,False,False
山西省,2021,False,False,False,False,False,False,False,False,False,False,False,False,False,False
江西省,2021,False,False,False,False,False,False,False,False,False,False,False,False,True,False
河南省,2021,False,False,False,False,False,False,False,False,False,False,False,False,False,False
湖北省,2021,False,False,False,False,False,False,False,False,False,False,False,False,False,False
湖南省,2021,False,False,False,False,False,False,False,False,False,False,False,False,False,False
云南省,2021,False,False,False,False,False,False,False,False,False,False,False,False,True,False
内蒙古,2021,False,False,False,False,False,False,False,False,False,False,False,False,False,False
四川省,2021,False,False,False,False,False,False,False,False,False,False,False,False,False,False
宁夏,2021,False,False,False,False,False,False,False,False,False,False,False,False,False,False
广西,2021,False,False,False,False,False,False,False,False,False,False,False,False,False,False
新疆,2021,False,False,False,False,False,False,False,False,False,False,False,False,False,False
甘肃省,2021,False,False,False,False,False,False,False,False,False,False,False,False,False,False
西藏,2021,False,False,False,False,False,False,False,False,False,False,False,False,True,True
贵州省,2021,False,False,False,False,False,False,False,False,False,False,False,False,False,False
重庆市,2021,False,False,False,False,False,False,False,False,False,False,False,False,False,False
陕西省,2021,False,False,False,False,False,False,False,False,False,False,False,False,False,False
青海省,2021,False,False,False,False,False,False,False,False,False,False,False,False,False,False
吉林省,2022,False,False,False,False,False,False,False,False,False,False,False,False,False,False
辽宁省,2022,False,False,False,False,False,False,False,False,False,False,False,False,False,False
黑龙江,2022,False,False,False,False,False,False,False,False,False,False,False,False,False,False
上海市,2022,False,False,False,False,False,False,False,False,True,True,False,False,False,False
北京市,2022,False,False,False,False,False,False,False,False,False,True,False,False,False,False
天津市,2022,False,False,False,False,False,False,False,False,False,True,False,False,False,False
山东省,2022,False,False,False,False,False,False,False,False,False,False,False,False,False,False
广东省,2022,False,False,False,False,False,False,False,False,False,True,False,False,False,False
江苏省,2022,False,False,False,False,False,False,False,False,False,False,False,False,False,False
河北省,2022,False,False,False,False,False,False,False,False,False,False,False,False,False,False
浙江省,2022,False,False,False,False,False,False,False,False,False,True,False,False,True,False
海南省,2022,False,False,False,False,False,False,False,False,False,True,False,False,False,False
福建省,2022,False,False,False,False,False,False,False,False,False,False,False,False,True,False
安徽省,2022,False,False,False,False,False,False,False,False,False,False,False,False,False,False
山西省,2022,False,False,False,False,False,False,False,False,False,False,False,False,False,False
江西省,2022,False,False,False,False,False,False,False,False,False,False,False,False,True,False
河南省,2022,False,False,False,False,False,False,False,False,False,False,False,False,False,False
湖北省,2022,False,False,False,False,False,False,False,False,False,False,False,False,False,False
湖南省,2022,False,False,False,False,False,False,False,False,False,False,False,False,False,False
云南省,2022,False,False,False,False,False,False,False,False,False,False,False,False,True,False
内蒙古,2022,False,False,False,False,False,False,False,False,False,False,False,False,False,False
四川省,2022,False,False,False,False,False,False,False,False,False,False,False,False,False,False
宁夏,2022,False,False,False,False,False,False,False,False,False,False,False,False,False,False
广西,2022,False,False,False,False,False,False,False,False,False,False,False,False,False,False
新疆,2022,False,False,False,False,False,False,False,False,False,False,False,False,False,False
甘肃省,2022,False,False,False,False,False,False,False,False,False,False,False,False,False,False
西藏,2022,False,False,False,False,False,False,False,False,False,True,False,False,True,True
贵州省,2022,False,False,False,False,False,False,False,False,False,False,False,False,False,False
重庆市,2022,False,False,False,False,False,False,False,False,False,True,False,False,False,False
陕西省,2022,False,False,False,False,False,False,False,False,False,False,False,False,False,False
青海省,2022,False,False,False,False,False,False,False,False,False,False,False,False,False,False
吉林省,2023,False,False,False,False,False,False,False,False,False,False,False,False,False,True
辽宁省,2023,False,False,False,False,False,False,False,False,False,False,False,False,False,True
黑龙江,2023,False,False,False,False,False,False,False,False,False,False,False,False,False,True
上海市,2023,False,False,False,False,False,False,False,False,True,True,True,False,False,True
北京市,2023,False,False,False,False,False,False,False,False,False,True,False,False,False,True
天津市,2023,False,False,False,False,False,False,False,False,False,True,False,False,False,True
山东省,2023,False,False,False,False,False,False,False,False,False,False,False,False,False,True
广东省,2023,False,False,False,False,False,False,False,False,False,True,False,False,False,True
江苏省,2023,False,False,False,False,False,False,False,False,False,False,False,False,False,True
河北省,2023,False,False,False,False,False,False,False,False,False,False,False,False,False,True
浙江省,2023,False,False,False,False,False,False,False,False,False,True,False,False,True,True
海南省,2023,False,False,False,False,False,False,False,False,False,True,False,False,False,True
福建省,2023,False,False,False,False,False,False,False,False,False,False,False,False,True,True
安徽省,2023,False,False,False,False,False,False,False,False,False,False,False,False,False,True
山西省,2023,False,False,False,False,False,False,False,False,False,False,False,False,False,True
江西省,2023,False,False,False,False,False,False,False,False,False,False,False,False,False,True
河南省,2023,False,False,False,False,False,False,False,False,False,False,False,False,False,True
湖北省,2023,False,False,False,False,False,False,False,False,False,False,False,False,False,True
湖南省,2023,False,False,False,False,False,False,False,False,False,False,False,False,False,True
云南省,2023,False,False,False,False,False,False,False,False,False,False,False,False,False,True
内蒙古,2023,False,False,False,False,False,False,False,False,False,False,False,False,False,True
四川省,2023,False,False,False,False,False,False,False,False,False,False,False,False,False,True
宁夏,2023,False,False,False,False,False,False,False,False,False,False,False,False,False,True
广西,2023,False,False,False,False,False,False,False,False,False,False,False,False,False,True
新疆,2023,False,False,False,False,False,False,False,False,False,False,False,False,False,True
甘肃省,2023,False,False,False,False,False,False,False,False,False,False,False,False,False,True
西藏,2023,False,False,False,False,False,False,False,False,False,True,False,False,True,True
贵州省,2023,False,False,False,False,False,False,False,False,False,False,False,False,False,True
重庆市,2023,False,False,False,False,False,False,False,False,False,True,False,False,False,True
陕西省,2023,False,False,False,False,False,False,False,False,False,False,False,False,False,True
青海省,2023,False,False,False,False,False,False,False,False,False,False,False,False,False,True
吉林省,2024,False,False,False,False,False,False,False,False,False,False,False,False,False,True
辽宁省,2024,False,False,False,False,False,False,False,False,False,False,False,False,False,True
黑龙江,2024,False,False,False,False,False,False,False,False,False,False,False,False,False,True
上海市,2024,False,False,False,False,False,False,False,False,True,True,True,False,False,True
北京市,2024,False,False,False,False,False,False,False,False,False,True,False,False,False,True
天津市,2024,False,False,False,False,False,False,False,False,False,True,False,False,False,True
山东省,2024,False,False,False,False,False,False,False,False,False,False,False,False,False,True
广东省,2024,False,False,False,False,False,False,False,False,False,True,False,False,False,True
江苏省,2024,False,False,False,False,False,False,False,False,False,False,False,False,False,True
河北省,2024,False,False,False,False,False,False,False,False,False,False,False,False,False,True
浙江省,2024,False,False,False,False,False,False,False,False,False,True,False,False,True,True
海南省,2024,False,False,False,False,False,False,False,False,False,True,False,False,False,True
福建省,2024,False,False,False,False,False,False,False,False,False,False,False,False,True,True
安徽省,2024,False,False,False,False,False,False,False,False,False,False,False,False,False,True
山西省,2024,False,False,False,False,False,False,False,False,False,False,False,False,False,True
江西省,2024,False,False,False,False,False,False,False,False,False,False,False,False,False,True
河南省,2024,False,False,False,False,False,False,False,False,False,False,False,False,False,True
湖北省,2024,False,False,False,False,False,False,False,False,False,False,False,False,False,True
湖南省,2024,False,False,False,False,False,False,False,False,False,False,False,False,False,True
云南省,2024,False,False,False,False,False,False,False,False,False,False,False,False,False,True
内蒙古,2024,False,False,False,False,False,False,False,False,False,False,False,False,False,True
四川省,2024,False,False,False,False,False,False,False,False,False,False,False,False,False,True
宁夏,2024,False,False,False,False,False,False,False,False,False,False,False,False,False,True
广西,2024,False,False,False,False,False,False,False,False,False,False,False,False,False,True
新疆,2024,False,False,False,False,False,False,False,False,False,False,False,False,False,True
甘肃省,2024,False,False,False,False,False,False,False,False,False,False,False,False,False,True
西藏,2024,False,False,False,False,False,False,False,False,False,True,False,False,True,True
贵州省,2024,False,False,False,False,False,False,False,False,False,False,False,False,False,True
重庆市,2024,False,False,False,False,False,False,False,False,False,True,False,False,False,True
陕西省,2024,False,False,False,False,False,False,False,False,False,False,False,False,False,True
青海省,2024,False,False,False,False,False,False,False,False,False,False,False,False,False,True
吉林省,2025,False,False,False,False,False,False,False,True,False,True,False,True,True,True
辽宁省,2025,False,False,False,False,False,True,True,True,True,False,True,True,False,True
黑龙江,2025,False,False,False,False,False,True,False,True,True,False,True,True,False,True
上海市,2025,False,False,False,False,False,False,True,True,True,True,True,True,True,True
北京市,2025,False,False,False,False,False,False,True,True,True,True,True,True,True,True
天津市,2025,False,False,False,False,False,False,True,True,True,True,True,True,True,True
山东省,2025,False,False,False,False,False,False,True,True,True,True,True,True,True,True
广东省,2025,False,False,False,False,False,True,False,True,True,True,True,True,True,True
江苏省,2025,False,False,False,False,False,True,True,True,True,True,True,True,True,True
河北省,2025,False,False,False,False,False,False,True,True,False,True,False,True,True,True
浙江省,2025,False,False,False,False,False,False,False,True,True,True,True,True,True,True
海南省,2025,False,False,False,False,False,False,True,True,True,True,True,True,True,True
福建省,2025,False,False,False,False,False,False,False,True,False,False,False,True,True,True
安徽省,2025,False,False,False,False,False,False,False,True,True,False,True,True,True,True
山西省,2025,False,False,False,False,False,False,False,True,False,False,False,True,True,True
江西省,2025,False,False,False,False,False,False,False,True,True,True,True,True,True,True
河南省,2025,False,False,False,False,False,True,False,True,True,False,True,True,True,True
湖北省,2025,False,False,False,False,False,True,False,True,False,True,False,True,True,True
湖南省,2025,False,False,False,False,False,True,True,True,False,False,False,True,True,True
云南省,2025,False,False,False,False,False,False,True,True,False,True,False,True,True,True
内蒙古,2025,False,False,False,False,False,True,False,True,True,False,True,True,True,True
四川省,2025,False,False,False,False,False,False,False,True,True,False,True,True,False,True
宁夏,2025,False,False,False,False,False,False,False,True,True,True,True,True,True,True
广西,2025,False,False,False,False,False,False,False,True,False,False,False,True,True,True
新疆,2025,False,False,False,False,False,False,False,True,False,False,False,True,False,True
甘肃省,2025,False,False,False,False,False,False,False,True,False,False,False,True,False,True
西藏,2025,False,False,False,False,False,False,False,True,True,True,True,True,True,True
贵州省,2025,False,False,False,False,False,False,False,True,False,False,False,True,False,True
重庆市,2025,False,False,False,False,False,False,True,True,True,True,True,True,True,True
陕西省,2025,False,False,False,False,False,False,True,True,True,True,True,True,True,True
青海省,2025,False,False,False,False,False,False,False,True,False,False,False,True,False,True
