Province,Year,Region,Regional GDP,Secondary industry value added,Tertiary industry value added from Long,GDP per capita from Long,Industrial value added from Long,Total electricity generation,Population,Hydropower generation from Long,Raw coal production from Long,Non fossil electricity generation,SO2 emissions,Natural gas production from Long,Total apparent CO2 emissions (mt),Total energy consumption
吉林省,1990,东北地区,425.28,182.15,118.14,1746.0,163.82,174.46,2440.2,45.82,2610.25,45.82,26.0,0.98,,3523.4
辽宁省,1990,东北地区,1062.7,539.2,356.9,2698.0,482.9,435.8,3946.0,35.5,5101.0,35.5,97.0,20.4,,7170.8
黑龙江,1990,东北地区,654.0,343.1,154.0,1855.0,323.9,295.2,3543.0,5.92,8263.48,5.92,30.0,22.47,,5285.0
上海市,1990,东部地区,781.66,505.6,241.82,5900.0,469.83,284.1,1337.0,,,,42.0,,,3191.06
北京市,1990,东部地区,500.8,262.0,195.1,4635.0,219.3,125.4,1086.0,2.1,1005.5,2.1,34.0,,,2709.7
天津市,1990,东部地区,310.95,181.38,102.25,3487.0,165.59,95.03,884.0,0.18,469.5,0.18,22.0,3.66,,2071.0
山东省,1990,东部地区,1511.19,635.98,449.92,1815.0,568.25,446.4,8493.0,0.43,5995.43,0.43,193.0,14.39,,6830.0
广东省,1990,东部地区,1559.03,615.86,558.58,2484.0,523.42,343.98,6346.0,77.18,889.76,77.18,40.0,,,4044.28
江苏省,1990,东部地区,1416.5,692.59,368.74,2130.0,634.13,404.47,6766.9,0.53,2407.79,0.53,100.0,0.38,,5509.0
河北省,1990,东部地区,896.3,387.5,280.9,1465.0,354.3,368.97,6158.88,7.1,6242.97,7.1,89.0,2.94,,6124.22
浙江省,1990,东部地区,904.69,408.18,271.47,2143.0,363.74,208.7,4234.91,56.0,136.99,56.0,44.0,,,2732.86
海南省,1990,东部地区,102.42,20.19,36.52,1562.0,13.16,13.96,663.0,7.81,1.3,7.81,1.0,,,121.0
福建省,1990,东部地区,522.28,174.47,200.8,1735.0,150.55,136.65,3037.0,78.14,925.37,78.14,12.0,,,1458.3
安徽省,1990,中部地区,658.02,251.5,160.42,1182.0,223.31,194.22,5675.0,13.34,3205.39,13.34,38.0,,,2761.0
山西省,1990,中部地区,429.27,210.07,138.39,1528.0,186.61,314.2,2899.0,7.15,28597.0,7.15,78.0,0.6,,4710.0
江西省,1990,中部地区,428.62,133.56,119.1,1134.0,116.5,121.41,3810.6418,27.77,2027.11,27.77,30.0,,,1732.3
河南省,1990,中部地区,934.65,331.85,277.03,1091.0,288.6,319.14,8649.0,15.53,9080.44,15.53,49.0,13.89,,5206.0
湖北省,1990,中部地区,824.38,313.39,222.6,1541.0,284.15,340.39,5439.29,241.88,924.26,241.88,56.0,0.76,,3997.0
湖南省,1990,中部地区,744.44,249.98,215.37,1228.0,220.69,201.4,6128.0,106.12,3371.0,106.12,55.0,,,3821.0
云南省,1990,西部地区,451.67,157.8,125.74,1224.0,142.77,125.78,3730.6,75.46,2227.0,75.46,23.0,,,1954.18
内蒙古,1990,西部地区,319.31,102.43,104.31,1478.0,87.18,169.54,2162.6,0.7,4762.0,0.7,53.0,,,2423.51
四川省,1990,西部地区,890.95,312.64,256.9,1136.0,276.08,342.64,10804.0,151.36,6785.0,151.36,148.0,66.21,,6312.3
宁夏,1990,西部地区,64.84,25.34,22.66,1409.0,21.29,55.96,465.6774,10.97,1443.1,10.97,13.0,0.07,,707.3
广西,1990,西部地区,449.06,118.45,153.84,1066.0,104.79,125.62,4261.0,68.9,979.45,68.9,60.0,,,1308.21
新疆,1990,西部地区,261.44,84.0,74.17,1713.0,71.5,69.79,1529.0,14.33,2100.2,14.33,16.0,5.02,,2063.0
甘肃省,1990,西部地区,242.8,98.33,80.41,1094.0,83.93,171.39,2254.67,106.54,1564.11,106.54,36.0,0.33,,2172.0
西藏,1990,西部地区,27.7,3.6,10.0,1276.0,1.92,3.16,222.0,2.48,0.9,2.48,,,,
贵州省,1990,西部地区,260.14,92.83,67.21,808.0,82.15,1.99,3268.0,1.24,3694.91,1.24,56.26,0.28,,2133.0
重庆市,1990,西部地区,327.75,135.62,91.73,1181.0,117.6,73.75,2886.62,10.45,1600.56,10.45,,34.59,,1301.67
陕西省,1990,西部地区,404.3,166.95,131.79,1241.0,143.28,149.74,3316.0,12.61,3327.45,12.61,59.0,0.07,,2239.0
青海省,1990,西部地区,69.94,26.89,25.38,1575.0,21.23,71.0,447.66,57.32,319.68,57.32,3.0,0.51,,504.35
吉林省,1991,东北地区,463.47,203.02,139.98,1878.0,181.71,199.8,2459.7,64.3,2600.0,64.3,25.0,1.26,,3572.8
辽宁省,1991,东北地区,1200.1,588.4,433.2,3027.0,526.8,448.3,3990.0,40.3,5234.7,40.3,107.0,20.6,,7218.0
黑龙江,1991,东北地区,736.4,390.8,200.5,2069.0,369.5,316.34,3575.0,5.82,8514.0,5.82,29.0,22.73,,5656.4
上海市,1991,东部地区,896.22,546.5,316.81,6700.0,514.79,304.82,1340.0,,112.98,,48.0,,,3466.52
北京市,1991,东部地区,598.9,290.5,262.9,5494.0,255.6,131.8,1094.0,2.21,1000.0,2.21,37.0,,,2872.0
天津市,1991,东部地区,343.73,196.6,117.87,3834.0,179.75,90.27,909.0,0.2,474.9,0.2,18.0,3.61,,1989.63
山东省,1991,东部地区,1810.54,745.9,542.79,2122.0,663.9,496.4,8570.0,0.79,6100.0,0.79,204.0,14.38,,6830.0
广东省,1991,东部地区,1900.7,782.67,702.03,2953.0,675.55,394.93,6439.0,59.17,933.1,59.17,48.0,,,4065.0
江苏省,1991,东部地区,1601.38,793.92,462.32,2353.0,725.83,441.2,6843.7,0.5,2470.55,0.5,149.0,0.33,,5780.8
河北省,1991,东部地区,1072.1,459.9,375.3,1727.0,417.2,410.66,6219.73,6.32,6143.0,6.32,889.0,2.9,,6471.93
浙江省,1991,东部地区,1092.43,494.11,353.1,2568.0,438.36,242.32,4261.37,58.89,139.2,58.89,42.0,,,3123.17
海南省,1991,东部地区,120.52,24.71,46.01,1804.0,15.23,16.47,674.0,7.02,1.5,7.02,2.0,,,178.87
福建省,1991,东部地区,622.02,217.08,240.99,2034.0,188.29,151.76,3079.0,62.72,857.2,62.72,16.0,,,1530.56
安徽省,1991,中部地区,663.6,280.3,192.84,1164.0,245.4,215.52,5761.0,15.11,3100.0,15.11,38.0,,,2910.52
山西省,1991,中部地区,468.51,236.28,163.46,1592.0,210.81,341.4,2942.0,5.81,29200.0,5.81,65.0,0.59,,4802.3
江西省,1991,中部地区,479.37,154.77,141.33,1249.0,135.82,129.96,3864.6374,31.93,2123.0,31.93,33.0,,,1793.4
河南省,1991,中部地区,1049.28,388.09,326.58,1205.0,336.26,356.49,8763.0,15.3,8973.0,15.3,52.0,13.02,,5363.0
湖北省,1991,中部地区,913.38,358.64,275.44,1668.0,327.5,349.49,5512.33,226.22,810.43,226.22,48.0,0.64,,4162.53
湖南省,1991,中部地区,833.3,281.95,250.33,1357.0,242.96,221.25,6209.0,107.63,3314.03,107.63,52.0,,,3821.0
云南省,1991,西部地区,517.41,179.56,168.37,1377.0,162.32,140.85,3782.1,93.8,2200.0,93.8,23.0,,,1961.92
内蒙古,1991,西部地区,359.66,124.03,118.44,1642.0,102.74,189.04,2183.9,1.24,4923.0,1.24,58.0,,,2505.19
四川省,1991,西部地区,1016.31,376.48,300.83,1283.0,331.37,379.58,10897.0,155.06,6904.0,155.06,189.0,67.3,,4721.5
宁夏,1991,西部地区,71.78,27.77,26.11,1528.0,23.12,63.11,480.0,8.38,1403.2,8.38,12.0,0.04,,707.0
广西,1991,西部地区,518.59,141.02,182.4,1211.0,123.66,135.55,4324.0,63.72,1000.0,63.72,56.0,,,1386.88
新疆,1991,西部地区,335.91,108.0,116.07,2101.0,84.07,78.34,1555.0,14.73,2112.0,14.73,22.0,5.54,,2071.4
甘肃省,1991,西部地区,271.39,111.91,92.93,1196.0,97.19,188.05,2284.92,93.69,1543.21,93.69,34.0,0.68,,2311.03
西藏,1991,西部地区,30.53,4.2,10.9,1358.0,2.27,3.45,226.0,2.5,0.92,2.5,,,,
贵州省,1991,西部地区,296.67,101.54,79.42,901.0,88.96,116.03,3315.0,44.31,3723.26,44.31,64.35,0.34,,2313.1
重庆市,1991,西部地区,375.62,154.28,111.85,1343.0,135.35,84.05,2938.99,,2380.45,,,35.86,,1337.69
陕西省,1991,西部地区,470.02,197.54,155.6,1407.0,168.28,164.31,3363.0,16.52,3300.0,16.52,62.0,0.27,,2358.7
青海省,1991,西部地区,75.1,29.84,27.3,1665.0,23.49,59.81,454.0,44.0,287.0,44.0,2.0,0.75,,474.29
吉林省,1992,东北地区,558.06,257.01,170.23,2246.0,227.17,204.05,2474.0,38.69,2504.0,38.69,23.0,1.68,,3614.6
辽宁省,1992,东北地区,1473.0,739.7,541.3,3693.0,661.2,489.1,4016.0,32.4,5394.6,32.4,107.0,21.1,,7191.6
黑龙江,1992,东北地区,860.1,465.5,231.1,2395.0,440.0,349.03,3608.0,6.25,8400.0,6.25,21.0,22.87,,5531.2
上海市,1992,东部地区,1118.36,672.3,412.75,8200.0,636.68,348.05,1345.0,,118.8,,51.0,,,3656.92
北京市,1992,东部地区,710.2,343.4,318.1,6468.0,291.3,142.36,1102.0,2.49,1015.2,2.49,37.0,,,2987.5
天津市,1992,东部地区,412.55,233.41,148.88,4511.0,212.8,98.62,920.0,0.19,491.76,0.19,23.0,4.12,,2140.73
山东省,1992,东部地区,2196.53,999.11,662.8,2557.0,889.59,566.24,8610.0,0.23,6400.0,0.23,226.0,14.43,,
广东省,1992,东部地区,2460.21,1098.75,895.63,3718.0,899.28,459.0,6525.0,92.84,954.21,92.84,51.0,,,5210.77
江苏省,1992,东部地区,2136.02,1119.26,622.94,3106.0,1017.94,481.15,6911.2,0.28,2457.76,0.28,120.0,0.3,,6296.5
河北省,1992,东部地区,1278.5,573.2,448.3,2046.0,517.8,458.75,6275.33,6.45,6300.0,6.45,93.0,3.25,,6866.29
浙江省,1992,东部地区,1380.65,652.26,465.72,3221.0,581.73,288.14,4285.91,63.65,143.91,63.65,51.0,,,3484.22
海南省,1992,东部地区,184.92,38.27,93.06,2719.0,20.98,19.79,686.0,7.63,1.61,7.63,2.0,,,214.58
福建省,1992,东部地区,788.17,290.56,308.91,2545.0,241.78,176.55,3116.0,94.86,910.0,94.86,14.0,,,1624.05
安徽省,1992,中部地区,827.0,330.7,265.9,1434.0,283.7,236.27,5834.0,9.33,3400.0,9.33,42.0,,,3138.3
山西省,1992,中部地区,551.12,270.28,197.9,1862.0,240.44,384.2,2979.0,5.98,29700.0,5.98,75.0,0.65,,5034.4
江西省,1992,中部地区,572.55,199.4,172.34,1472.0,168.14,143.63,3913.0927,36.79,2100.0,36.79,32.0,,,1871.4
河南省,1992,中部地区,1285.02,542.4,399.87,1458.0,481.1,405.17,8861.0,14.81,9027.0,14.81,58.0,12.61,,5583.0
湖北省,1992,中部地区,1088.39,443.11,342.28,1962.0,402.59,367.2,5579.85,227.03,900.0,227.03,49.0,0.82,,4472.41
湖南省,1992,中部地区,986.98,337.17,325.9,1595.0,284.66,244.78,6267.0,106.19,3601.62,106.19,49.0,,,4097.33
云南省,1992,西部地区,618.69,219.03,212.86,1625.0,193.9,155.75,3831.6,92.76,2400.0,92.76,25.0,0.44,,2016.61
内蒙古,1992,西部地区,421.68,152.56,142.26,1906.0,120.85,222.29,2206.6,1.11,5039.0,1.11,74.0,,,2554.99
四川省,1992,西部地区,1177.27,441.57,363.66,1477.0,383.52,419.4,10998.0,168.3,7093.6,168.3,168.0,67.1,,4897.1
宁夏,1992,西部地区,83.14,34.05,30.78,1739.0,27.74,76.62,487.0,8.4,1400.0,8.4,22.0,0.09,,705.0
广西,1992,西部地区,646.6,187.48,226.09,1490.0,161.44,153.06,4380.0,73.98,992.91,73.98,62.0,,,1549.3
新疆,1992,西部地区,402.3,144.4,148.9,2477.0,106.3,86.81,1581.0,17.61,2204.5,17.61,24.0,6.75,,2260.8
甘肃省,1992,西部地区,317.79,128.66,114.93,1382.0,110.21,200.32,2314.19,87.1,1542.36,87.1,35.0,0.43,,2349.0
西藏,1992,西部地区,33.3,4.5,12.7,1468.0,2.6,3.56,228.0,2.62,0.7,2.62,,,,
贵州省,1992,西部地区,341.02,122.08,97.76,1022.0,106.41,129.35,3361.0,52.07,4200.0,52.07,71.48,0.44,,2518.8
重庆市,1992,西部地区,463.92,195.1,151.54,1650.0,171.96,91.95,2950.78,9.77,2432.44,9.77,,36.44,,1374.12
陕西省,1992,西部地区,533.92,232.07,185.14,1578.0,198.93,189.1,3405.0,30.15,3423.2,30.15,67.0,0.28,,2440.8
青海省,1992,西部地区,87.52,36.31,31.31,1912.0,26.69,49.83,461.0,34.5,282.4,34.5,2.0,0.52,,499.29
吉林省,1993,东北地区,718.58,351.03,211.5,2826.0,308.1,244.94,2496.1,49.85,2424.0,49.85,29.0,2.05,,3793.8
辽宁省,1993,东北地区,2010.8,1036.3,717.2,5015.0,920.6,505.3,4042.0,27.4,5566.8,27.4,108.0,23.8,,8695.5
黑龙江,1993,东北地区,1078.5,613.1,271.2,2976.0,580.4,372.32,3640.0,5.53,7327.0,5.53,22.0,22.3,,5078.3
上海市,1993,东部地区,1525.01,895.61,592.53,11100.0,846.71,373.31,1349.0,,126.54,,44.0,,,3946.73
北京市,1993,东部地区,888.9,416.3,419.4,8030.0,336.5,141.1,1112.0,2.72,835.4,2.72,37.0,,,3264.6
天津市,1993,东部地区,541.19,308.4,197.39,5857.0,280.73,126.65,928.0,0.17,517.0,0.17,24.0,6.53,,2292.67
山东省,1993,东部地区,2770.37,1355.71,818.03,3212.0,1201.67,610.89,8642.0,0.4,6803.0,0.4,228.0,13.69,,
广东省,1993,东部地区,3489.22,1702.46,1228.06,5115.0,1386.83,572.77,6607.0,105.96,951.5,105.96,54.0,,,5815.22
江苏省,1993,东部地区,2998.16,1598.05,909.52,4321.0,1451.97,536.84,6967.27,0.55,2505.53,0.55,120.0,0.27,,6625.8
河北省,1993,东部地区,1620.8,777.9,541.2,2571.0,688.1,508.18,6334.09,8.71,6400.0,8.71,102.0,3.15,,7861.92
浙江省,1993,东部地区,1933.5,982.19,635.34,4476.0,876.26,308.52,4313.3,62.65,138.64,62.65,54.0,,,4044.22
海南省,1993,东部地区,260.4,66.08,117.5,3755.0,35.58,24.69,701.0,6.58,1.53,6.58,2.0,,,241.75
福建省,1993,东部地区,1119.94,454.15,419.54,3575.0,381.95,195.27,3150.0,89.76,1000.0,89.76,18.0,,,1848.0
安徽省,1993,中部地区,1073.5,442.5,345.0,1848.0,374.8,266.64,5897.0,11.07,3613.0,11.07,44.0,,,3396.68
山西省,1993,中部地区,680.41,335.03,248.11,2271.0,296.01,417.82,3012.0,6.97,31015.01,6.97,133.0,0.58,,5472.5
江西省,1993,中部地区,723.04,282.46,215.0,1835.0,233.76,153.13,3966.0405,42.62,2104.22,42.62,34.0,,,1946.1
河南省,1993,中部地区,1668.11,760.24,510.37,1874.0,678.4,440.65,8946.0,19.02,9279.0,19.02,52.0,11.67,,5862.0
湖北省,1993,中部地区,1325.83,535.83,443.61,2361.0,475.44,402.93,5653.48,255.4,1000.0,255.4,49.0,0.83,,4778.7
湖南省,1993,中部地区,1244.71,470.05,390.98,1997.0,399.58,272.71,6311.0,126.72,4213.17,126.72,53.0,,,
云南省,1993,西部地区,783.27,325.57,266.25,2030.0,284.65,172.07,3885.2,96.67,2402.0,96.67,32.0,1.12,,2089.8
内蒙古,1993,西部地区,537.81,203.46,184.39,2423.0,162.53,235.23,2232.4,1.13,5514.0,1.13,66.0,,,2676.11
四川省,1993,西部地区,1486.08,580.38,456.32,1854.0,501.36,470.87,11104.0,195.86,7934.5,195.86,178.0,72.87,,4999.8
宁夏,1993,西部地区,104.49,45.61,38.04,2148.0,37.34,87.49,495.0,10.45,1371.6,10.45,24.0,0.14,,715.8
广西,1993,西部地区,871.7,321.1,300.49,1982.0,273.03,174.5,4438.0,100.83,1200.0,100.83,66.0,,,1809.21
新疆,1993,西部地区,495.3,200.3,174.1,2964.0,155.9,95.86,1605.0,20.38,2400.0,20.38,31.0,8.43,,2497.0
甘肃省,1993,西部地区,372.24,159.96,124.85,1598.0,136.74,227.91,2345.23,102.07,1806.6,102.07,39.0,0.27,,2508.1
西藏,1993,西部地区,37.4,5.5,14.1,1624.0,2.7,3.95,232.0,3.8,0.71,3.8,,,,
贵州省,1993,西部地区,419.25,155.03,130.82,1239.0,135.4,146.56,3409.0,49.46,4529.0,49.46,74.0,1.12,,2545.5
重庆市,1993,西部地区,612.97,273.64,197.34,2172.0,242.29,118.41,2964.92,,2624.97,,,37.14,,1411.75
陕西省,1993,西部地区,681.47,297.49,235.74,1990.0,250.07,215.98,3443.0,38.39,3200.0,38.39,67.0,0.26,,2476.34
青海省,1993,西部地区,109.68,43.04,44.43,2365.0,31.58,68.28,467.0,53.12,231.5,53.12,2.0,0.46,,559.98
吉林省,1994,东北地区,937.73,396.91,281.42,3657.0,354.7,260.0,2515.6,61.44,2474.82,61.44,,2.16,,3856.5
辽宁省,1994,东北地区,2461.8,1255.2,892.1,6103.0,1109.8,504.0,4067.0,18.5,5509.3,18.5,,21.2,,9204.6
黑龙江,1994,东北地区,1452.8,803.6,350.5,3974.0,764.3,382.0,3672.0,8.0,7695.0,8.0,23.0,23.2,,5745.1
上海市,1994,东部地区,1999.9,1139.86,813.62,14400.0,1074.37,401.12,1356.0,,85.35,,,,,4176.64
北京市,1994,东部地区,1149.8,512.7,570.3,10280.0,413.4,131.14,1125.0,2.39,1008.5,2.39,,,,3385.9
天津市,1994,东部地区,736.31,414.95,274.81,7905.0,371.43,122.47,935.0,0.22,589.0,0.22,,7.84,,2345.1
山东省,1994,东部地区,3844.5,1891.43,1178.04,4441.0,1692.1,678.0,8671.0,0.77,7800.0,0.77,225.0,13.07,,
广东省,1994,东部地区,4650.16,2249.99,1707.92,6574.0,1865.44,771.0,6689.0,119.0,918.63,119.0,,,,6728.3
江苏省,1994,东部地区,4057.39,2186.77,1186.64,5801.0,2002.22,631.9,7020.54,0.41,2503.44,0.41,98.3,0.23,,7357.7
河北省,1994,东部地区,2114.5,983.1,679.5,3324.0,856.4,550.0,6387.71,13.65,6825.0,13.65,,3.32,,8168.62
浙江省,1994,东部地区,2700.74,1395.61,866.48,6210.0,1243.37,331.92,4341.2,62.0,132.2,62.0,,,,4496.67
海南省,1994,东部地区,331.98,83.32,142.54,4702.0,44.56,29.0,711.0,10.0,1.5,10.0,,,,278.71
福建省,1994,东部地区,1653.94,718.31,584.39,5223.0,618.06,229.0,3183.0,121.03,977.38,121.03,,,,1953.54
安徽省,1994,中部地区,1378.9,540.3,499.3,2354.0,449.2,298.29,5955.0,12.28,4054.0,12.28,,,,3738.14
山西省,1994,中部地区,826.66,396.57,306.25,2729.0,347.18,457.0,3045.0,7.28,32400.0,7.28,,0.54,,5200.3
江西省,1994,中部地区,948.16,338.23,295.58,2376.0,269.16,171.0,4015.4459,51.04,2300.0,51.04,,,,2071.5
河南省,1994,中部地区,2228.45,1053.35,645.67,2480.0,948.8,485.46,9027.0,17.1,9618.0,17.1,,12.4,,6225.0
湖北省,1994,中部地区,1700.92,655.47,544.01,2991.0,580.8,427.14,5718.81,245.0,1150.6,245.0,,0.78,,5239.2
湖南省,1994,中部地区,1650.02,589.72,527.41,2630.0,499.97,292.35,6355.0,143.25,4863.84,143.25,,,,
云南省,1994,西部地区,983.78,428.68,318.85,2515.0,383.91,203.43,3939.2,127.16,2600.0,127.16,,1.61,,2282.8
内蒙古,1994,西部地区,695.06,254.52,232.01,3094.0,205.98,261.27,2260.5,1.55,6052.0,1.55,,,,2812.19
四川省,1994,西部地区,2001.41,782.77,621.27,2338.0,676.09,525.18,11214.0,210.0,8796.4,210.0,,75.19,,5364.0
宁夏,1994,西部地区,136.26,56.01,50.31,2740.0,46.34,97.3,504.0,10.26,1400.0,10.26,,0.4,,740.8
广西,1994,西部地区,1198.29,469.81,394.69,2675.0,404.59,187.0,4493.0,115.3,1200.0,115.3,,,,2047.95
新疆,1994,西部地区,662.3,243.4,240.2,3888.0,190.0,106.17,1632.0,22.0,2633.3,22.0,,9.06,,2605.7
甘肃省,1994,西部地区,453.61,198.67,151.07,1917.0,174.56,249.0,2387.25,106.3,2100.0,106.3,,0.54,,2683.6
西藏,1994,西部地区,46.0,7.9,17.6,1964.0,3.4,4.46,236.0,2.83,0.89,2.83,,,,
贵州省,1994,西部地区,526.33,194.8,148.01,1533.0,173.03,197.21,3458.0,57.78,5128.0,57.78,76.89,1.6,,2819.7
重庆市,1994,西部地区,840.9,379.43,265.28,2961.0,341.74,124.36,2985.59,,2841.32,,,41.87,,1456.27
陕西省,1994,西部地区,844.01,364.4,307.8,2438.0,307.46,222.41,3481.0,30.77,3714.0,30.77,,0.22,,2599.02
青海省,1994,西部地区,138.4,48.9,57.1,2942.0,37.25,73.13,474.0,57.0,264.0,57.0,,0.67,,625.38
吉林省,1995,东北地区,1137.23,475.22,358.02,4402.0,413.85,284.6,2550.9,83.16,2644.31,83.16,32.0,1.83,,3954.2
辽宁省,1995,东北地区,2793.4,1385.8,1021.4,6880.0,1233.4,540.1,4092.0,41.7,5626.4,41.7,109.0,21.1,,9381.7
黑龙江,1995,东北地区,1797.0,992.5,441.0,4874.0,949.1,388.0,3701.0,6.69,7938.0,6.69,34.0,25.91,,5935.0
上海市,1995,东部地区,2535.0,1419.92,1056.76,18000.0,1318.93,403.0,1415.0,,111.0,,49.0,,,4392.49
北京市,1995,东部地区,1516.2,638.3,805.7,12762.0,520.7,132.0,1251.0,3.18,1000.0,3.18,38.0,,,3533.3
天津市,1995,东部地区,936.5,518.55,357.15,9979.0,467.93,134.0,942.0,0.21,600.0,0.21,33.0,7.57,,2569.0
山东省,1995,东部地区,4953.35,2355.78,1587.44,5701.0,2098.06,739.0,8705.0,0.4,8827.27,0.4,232.0,12.85,,8780.0
广东省,1995,东部地区,5983.79,2901.99,2217.31,8199.0,2454.87,821.0,6868.0,131.1,1069.4,131.1,75.31,1.03,,7344.82
江苏省,1995,东部地区,5155.25,2715.26,1573.75,7319.0,2467.63,700.41,7066.02,0.35,2650.72,0.35,92.0,0.19,,8047.0
河北省,1995,东部地区,2701.2,1198.1,871.7,4212.0,1043.2,607.0,6436.51,12.63,8108.31,12.63,116.0,3.49,,8892.41
浙江省,1995,东部地区,3580.19,1856.32,1173.92,8181.0,1650.6,401.0,4369.63,78.25,125.27,78.25,54.0,,,4851.26
海南省,1995,东部地区,363.25,78.48,155.87,5063.0,44.04,32.0,724.0,11.32,1.46,11.32,2.0,,,309.33
福建省,1995,东部地区,2108.57,879.12,779.68,6579.0,748.92,262.0,3237.0,154.91,1134.18,154.91,17.0,,,2279.91
安徽省,1995,中部地区,1891.2,659.5,647.5,3202.0,540.9,310.0,6013.0,11.39,4444.19,11.39,49.0,,,4194.0
山西省,1995,中部地区,1076.03,494.45,412.89,3515.0,438.5,506.0,3077.0,7.11,34731.0,7.11,101.0,0.47,,8413.0
江西省,1995,中部地区,1169.73,403.74,391.35,2896.0,314.49,176.0,4062.5406,55.13,2877.9,55.13,36.0,,,2391.7
河南省,1995,中部地区,3004.31,1387.65,877.75,3315.0,1256.5,548.0,9100.0,15.64,10334.0,15.64,66.0,11.38,,6473.0
湖北省,1995,中部地区,2109.38,777.64,711.97,3671.0,680.92,453.0,5772.07,258.82,1533.31,258.82,54.0,0.76,,5655.0
湖南省,1995,中部地区,2132.13,770.67,676.16,3359.0,658.67,333.0,6392.0,157.97,5564.51,157.97,56.0,,,5426.0
云南省,1995,西部地区,1222.15,534.78,384.68,3083.0,480.95,228.0,3989.6,162.05,2803.2,162.05,36.0,1.81,,2640.55
内蒙古,1995,西部地区,857.06,308.78,288.1,3772.0,254.88,278.54,2284.4,1.43,7055.0,1.43,74.0,,,3268.4
四川省,1995,西部地区,2443.21,980.91,799.84,3043.0,843.23,576.0,11325.0,259.79,9560.75,259.79,223.0,76.64,,9525.0
宁夏,1995,西部地区,175.19,74.67,65.11,3448.0,63.37,108.0,512.3845,9.3,1480.3,9.3,23.0,0.62,,775.2
广西,1995,西部地区,1497.56,535.86,508.55,3304.0,461.25,217.0,4543.0,138.3,1391.42,138.3,76.0,,,2256.52
新疆,1995,西部地区,814.9,277.4,308.3,4701.0,219.0,120.0,1661.0,22.82,2721.0,22.82,35.0,11.81,,2830.0
甘肃省,1995,西部地区,557.76,256.83,190.28,2312.0,226.29,238.0,2437.95,96.18,2466.13,96.18,42.0,1.13,,2737.59
西藏,1995,西部地区,56.1,13.2,20.0,2358.0,4.1,5.0,240.0,3.04,,3.04,,,,
贵州省,1995,西部地区,638.53,232.52,178.95,1833.0,208.75,232.0,3508.0,114.9,5509.7,114.9,56.69,1.81,,3183.0
重庆市,1995,西部地区,1134.93,497.13,373.61,3973.0,439.66,127.62,3002.0,,3104.83,,,45.0,,1525.1
陕西省,1995,西部地区,1042.79,441.67,383.85,2982.0,377.91,237.0,3513.0,25.43,4248.0,25.43,80.0,0.22,,3134.0
青海省,1995,西部地区,167.8,53.15,75.03,3513.0,40.19,60.0,481.0,42.57,278.0,42.57,3.0,0.64,,687.71
吉林省,1996,东北地区,1346.79,537.05,433.73,5178.0,471.34,294.0,2579.1,60.91,2600.0,60.91,,2.1,,4032.7
辽宁省,1996,东北地区,3157.7,1532.9,1158.6,7730.0,1379.1,583.9,4116.0,45.2,6040.6,45.2,,19.6,,9417.6
黑龙江,1996,东北地区,2145.6,1205.4,505.3,5776.0,1160.0,410.3,3728.0,5.11,8147.4,5.11,24.0,23.33,,6270.5
上海市,1996,东部地区,3004.16,1598.74,1338.42,21000.0,1466.12,428.64,1419.0,,140.51,,,,,4552.86
北京市,1996,东部地区,1819.4,709.2,1035.2,14495.0,570.0,141.89,1259.0,8.43,1014.0,8.43,,,,3734.5
天津市,1996,东部地区,1128.26,609.1,451.49,11939.0,549.81,146.04,948.0,0.22,646.6,0.22,,7.58,,2500.22
山东省,1996,东部地区,5883.8,2784.09,1899.54,6746.0,2475.99,793.03,8738.0,0.8,8949.4,0.8,,11.91,,9163.0
广东省,1996,东部地区,6903.13,3313.55,2654.35,9230.0,2853.85,908.7,6961.0,127.56,962.43,127.56,,22.27,,7746.0
江苏省,1996,东部地区,6004.21,3074.12,1940.91,8471.0,2754.8,756.87,7110.16,0.49,2606.52,0.49,104.07,0.15,,8111.2
河北省,1996,东部地区,3198.0,1439.5,1057.4,4950.0,1258.8,651.41,6483.67,13.5,8169.0,13.5,,3.65,,8938.47
浙江省,1996,东部地区,4215.9,2233.98,1386.99,9579.0,1989.68,448.4,4400.09,52.31,122.7,52.31,,,,5165.43
海南省,1996,东部地区,389.68,81.52,167.01,5346.0,49.2,32.81,734.0,12.15,1.73,12.15,,,,352.08
福建省,1996,东部地区,2501.31,1022.88,958.59,7711.0,875.5,284.1,3261.0,141.83,1167.97,141.83,,,,2452.18
安徽省,1996,中部地区,2199.7,741.0,790.3,3703.0,608.5,325.82,6070.0,11.64,5086.0,11.64,,,,4531.32
山西省,1996,中部地区,1292.11,600.21,493.62,4178.0,532.73,526.9,3109.0,7.37,34946.0,7.37,,0.49,,6848.0
江西省,1996,中部地区,1409.74,481.3,488.44,3452.0,375.83,183.3,4105.4635,46.98,2438.0,46.98,,,,2154.7
河南省,1996,中部地区,3655.38,1668.88,1078.45,4001.0,1496.7,593.99,9172.0,16.8,10781.0,16.8,,11.38,,6654.0
湖北省,1996,中部地区,2499.77,920.68,862.75,4311.0,805.53,476.04,5825.13,270.7,1521.01,270.7,,0.71,,5731.4
湖南省,1996,中部地区,2540.13,920.06,826.09,3963.0,790.19,341.65,6428.0,168.43,5989.05,168.43,,,,5473.0
云南省,1996,西部地区,1517.69,669.06,488.15,3779.0,599.82,253.7,4041.5,182.45,3100.0,182.45,,0.0,,2819.43
内蒙古,1996,西部地区,1023.09,364.77,345.5,4457.0,304.81,324.01,2306.6,1.25,7317.0,1.25,,,,3144.36
四川省,1996,西部地区,2871.65,1156.01,945.62,3550.0,989.5,475.53,11430.0,268.8,9567.3,268.8,,80.37,,6609.5
宁夏,1996,西部地区,202.91,80.54,79.09,3926.0,68.97,111.63,521.2099,8.33,1616.0,8.33,,0.62,,808.8
广西,1996,西部地区,1697.9,587.37,575.65,3706.0,503.32,226.14,4589.0,138.79,1252.3,138.79,,,,2301.11
新疆,1996,西部地区,900.9,306.5,357.0,5102.0,239.1,136.03,1689.0,24.49,3000.0,24.49,,14.06,,3045.2
甘肃省,1996,西部地区,722.52,311.98,222.42,2946.0,276.37,235.7,2466.86,81.58,2221.0,81.58,,0.3,,2803.2
西藏,1996,西部地区,65.0,11.3,27.2,2688.0,4.4,4.26,244.0,2.92,1.1,2.92,,,,
贵州省,1996,西部地区,726.0,255.09,216.48,2056.0,225.36,4.61,3555.0,71.2,1289.73,71.2,58.56,1.21,,3442.64
重庆市,1996,西部地区,1332.65,575.2,469.89,4635.0,506.83,128.73,3022.7,35.13,1498.72,35.13,,26.1,,1605.93
陕西省,1996,西部地区,1223.02,514.27,458.17,3467.0,439.66,269.79,3543.0,35.78,4614.0,35.78,,0.15,,3001.2
青海省,1996,西部地区,184.17,57.6,86.16,3799.0,40.87,61.8,488.0,33.54,300.0,33.54,,1.27,,698.25
吉林省,1997,东北地区,1464.34,566.97,529.21,5591.0,495.1,280.03,2600.1,40.67,2700.0,40.67,,2.95,108.6700354866667,4177.2
辽宁省,1997,东北地区,3582.5,1738.3,1378.5,8725.0,1567.2,615.2,4138.0,28.8,5883.8,28.8,,19.1,243.6532227733333,9191.6
黑龙江,1997,东北地区,2408.4,1357.2,600.6,6440.0,1304.9,432.9,3751.0,10.85,7547.0,10.85,24.0,23.5,184.2857121733334,6635.5
上海市,1997,东部地区,3495.81,1776.81,1648.77,23800.0,1614.13,458.48,1457.0,,,,,,86.53970512,4717.51
北京市,1997,东部地区,1807.5,750.8,971.7,16658.0,594.0,146.43,1240.0,9.19,1012.0,9.19,,,60.63238603333334,3719.2
天津市,1997,东部地区,1272.99,676.01,527.46,13393.0,609.65,166.53,953.0,0.23,645.9,0.23,,7.58,56.80056176666667,2459.0
山东省,1997,东部地区,6537.07,3147.37,2194.7,7461.0,2796.02,854.0,8785.0,0.46,9100.0,0.46,247.0,10.02,264.7491838733334,9154.0
广东省,1997,东部地区,7864.64,3713.92,3172.4,10247.0,3250.72,981.2,7051.0,153.84,840.0,153.84,69.3,36.8,155.34636212,7953.23
江苏省,1997,东部地区,6680.34,3411.86,2232.68,9371.0,3016.44,777.0,7147.86,0.46,2506.01,0.46,,0.12,202.73182008,7991.1
河北省,1997,东部地区,3652.1,1667.2,1223.0,5615.0,1458.7,694.12,6524.58,10.62,7900.0,10.62,,3.65,248.6631820533333,9033.01
浙江省,1997,东部地区,4720.3,2557.87,1543.53,10670.0,2293.1,485.8,4422.28,61.49,114.99,61.49,,,116.7435276866667,5446.74
海南省,1997,东部地区,411.16,83.13,179.51,5567.0,52.05,34.6,743.0,14.85,1.5,14.85,,,3.00234236,390.26
福建省,1997,东部地区,2891.97,1210.34,1125.18,8840.0,1039.62,310.18,3282.0,194.13,781.8,194.13,,,41.79738218666667,2499.11
安徽省,1997,中部地区,2670.6,1270.6,678.0,4359.0,1159.8,329.33,6127.0,9.69,4938.9,9.69,,,115.597706,4414.93
山西省,1997,中部地区,1476.0,707.58,576.58,4724.0,626.36,546.02,3141.0,5.76,33843.41,5.76,,0.92,230.9695370666668,6694.9
江西省,1997,中部地区,1605.77,548.84,581.75,4155.0,438.98,179.82,4150.3338,60.52,2100.0,60.52,,,56.88192414,2132.4
河南省,1997,中部地区,4067.04,1851.7,1238.61,4417.0,1645.7,630.83,9243.0,12.33,10520.0,12.33,,11.9,176.4514103666666,6711.0
湖北省,1997,中部地区,2856.47,1068.4,1020.15,4884.0,929.91,490.5,5872.6,245.83,1517.22,245.83,,0.66,121.7695285,5959.53
湖南省,1997,中部地区,2849.27,1041.79,951.73,4420.0,903.9,351.0,6465.0,194.08,4409.84,194.08,,,74.70242026,4808.0
云南省,1997,西部地区,1676.17,743.82,545.33,3996.0,657.05,253.14,4094.0,167.63,3300.0,167.63,,0.03,64.05983326,3428.98
内蒙古,1997,西部地区,1153.51,422.39,408.6,4980.0,355.1,342.23,2325.7,1.09,8303.0,1.09,,0.1,107.1064198266667,3708.95
四川省,1997,西部地区,3241.47,1265.32,1095.87,4032.0,1068.55,492.0,8430.0,246.84,6222.68,246.84,,80.03,119.8502964933333,6654.0
宁夏,1997,西部地区,224.59,88.67,91.05,4277.0,74.99,113.42,528.9401,7.04,1700.0,7.04,,0.26,24.67168082,814.0
广西,1997,西部地区,1817.25,614.07,620.44,3928.0,524.49,237.3,4633.0,156.58,1252.26,156.58,,0.01,44.73892553333333,2327.74
新疆,1997,西部地区,1050.0,413.0,357.0,5856.0,303.0,150.6,1718.0,26.97,3021.4,26.97,,21.3,84.94505579333334,3230.0
甘肃省,1997,西部地区,793.57,337.79,265.58,3199.0,286.7,246.42,2494.2,82.48,2300.0,82.48,,0.3,64.76515327333331,2581.13
西藏,1997,西部地区,77.2,16.9,31.9,3144.0,8.2,5.8,248.0,4.51,1.1,4.51,,,,
贵州省,1997,西部地区,809.57,288.99,248.75,2261.0,251.1,255.75,3606.0,110.84,6600.0,110.84,176.48,0.95,100.2426844,3754.56
重庆市,1997,西部地区,1533.76,658.77,567.78,5337.0,574.18,139.88,3042.0,31.39,1410.35,31.39,,30.69,57.09174845333334,1742.43
陕西省,1997,西部地区,1373.76,567.25,551.09,3863.0,477.35,269.8,3570.0,22.47,4958.1,22.47,,2.17,78.36508961999999,3111.0
青海省,1997,西部地区,202.79,61.72,99.27,4122.0,41.99,84.3,496.0,50.2,329.0,50.2,,2.2,12.19900593333333,706.78
吉林省,1998,东北地区,1577.05,585.65,561.9,5983.0,504.12,281.27,2603.2,39.07,2130.42,39.07,,2.12,94.36422539999998,3626.8
辽宁省,1998,东北地区,3881.7,1849.2,1511.6,9415.0,1664.1,608.1,4157.0,21.6,5785.7,21.6,,15.6,237.1332227866666,8873.7
黑龙江,1998,东北地区,2484.0,1396.1,668.0,6603.0,1332.0,425.24,3773.0,13.28,7100.0,13.28,22.2,23.3,170.9039210066666,6702.1
上海市,1998,东部地区,3874.44,1876.13,1926.32,25700.0,1687.39,482.16,1464.0,,,,,,86.83012073333333,4837.01
北京市,1998,东部地区,2439.1,834.1,1527.1,19625.0,661.5,156.7,1246.0,9.53,1000.0,9.53,,,60.3822398,3808.1
天津市,1998,东部地区,1355.65,689.21,592.3,14195.0,613.31,172.51,957.0,0.16,691.28,0.16,,7.6,55.76399626666667,2502.24
山东省,1998,东部地区,7021.35,3408.06,2397.49,7968.0,3008.45,823.79,8838.0,0.92,9000.0,0.92,226.0,9.18,261.2991944266666,9012.0
广东省,1998,东部地区,8650.93,4080.96,3575.42,10972.0,3584.54,1004.37,7143.0,152.87,300.0,152.87,67.88,34.59,146.81938846,8376.0
江苏省,1998,东部地区,7199.95,3640.1,2512.69,10049.0,3157.69,754.27,7182.46,0.74,2378.53,0.74,,0.17,202.6093455333333,8118.0
河北省,1998,东部地区,3924.5,1791.0,1342.8,5994.0,1556.8,688.9,6569.3,8.05,5637.0,8.05,,3.73,247.0983378666667,9151.12
浙江省,1998,东部地区,5098.84,2772.28,1717.26,11470.0,2495.25,492.11,4446.86,99.63,100.0,99.63,,,108.9211987466667,5656.96
海南省,1998,东部地区,442.12,91.41,194.66,5912.0,59.09,35.52,753.0,10.06,1.5,10.06,,,9.605380553333331,409.26
福建省,1998,东部地区,3186.52,1330.18,1269.35,9684.0,1132.79,322.7,3299.0,184.96,727.2,184.96,,,43.12773358666666,2578.62
安徽省,1998,中部地区,2711.7,925.8,1041.8,4516.0,731.6,316.18,6184.0,9.9,4583.5,9.9,,,112.6382074333333,4575.0
山西省,1998,中部地区,1611.08,761.25,642.58,5104.0,658.55,554.03,3172.0,6.52,31500.0,6.52,,1.04,232.3492228999999,6626.0
江西省,1998,中部地区,1719.87,608.22,661.21,4124.0,477.15,181.1,4191.2074,60.4,2108.0,60.4,,,51.47948361333334,2028.4
河南省,1998,中部地区,4339.97,1927.95,1374.44,4677.0,1692.4,631.05,9315.0,16.82,9406.0,16.82,,13.2,133.2587033666667,7244.0
湖北省,1998,中部地区,3114.02,1195.2,1140.6,5287.0,1041.2,506.14,5907.23,227.92,1326.3,227.92,,0.82,110.5196153533333,5916.8
湖南省,1998,中部地区,3025.53,1123.08,1074.14,4667.0,960.7,350.0,6502.0,195.85,4400.0,195.85,,,101.28331674,4894.0
云南省,1998,西部地区,1831.33,818.26,609.64,4446.0,705.55,264.62,4143.8,169.98,3102.9,169.98,,0.89,61.08864482666667,3364.49
内蒙古,1998,西部地区,1262.54,458.86,462.06,5406.0,382.44,350.41,2344.9,1.73,7769.0,1.73,,,100.5322623333333,3440.06
四川省,1998,西部地区,3474.09,1324.01,1237.84,4294.0,1090.65,475.87,8493.0,252.88,5700.0,252.88,,85.66,117.7532819266666,6750.0
宁夏,1998,西部地区,245.45,95.11,101.59,4607.0,78.33,110.63,536.5666,8.03,1600.0,8.03,,0.11,29.29774538,816.9
广西,1998,西部地区,1911.3,667.29,657.31,4346.0,561.34,245.0,4675.0,146.8,1015.1,146.8,,,44.15249472000001,2417.68
新疆,1998,西部地区,1107.0,386.8,443.1,6174.0,298.5,158.3,1747.0,28.23,2926.91,28.23,,23.84,89.26810783333333,3280.0
甘肃省,1998,西部地区,887.67,373.43,311.48,3541.0,311.26,253.6,2519.37,93.91,2316.0,93.91,,0.28,66.72143696666669,2687.47
西藏,1998,西部地区,91.5,20.1,40.8,3666.0,9.1,6.22,252.0,4.96,1.55,4.96,,,,
贵州省,1998,西部地区,863.45,319.4,279.19,2377.0,273.82,291.77,3658.0,82.22,6600.0,82.22,166.67,0.81,105.1493027866667,4087.91
重庆市,1998,西部地区,1634.71,685.83,647.99,5692.0,581.69,158.67,3060.0,40.14,2573.99,40.14,,33.24,54.95386094,1819.1
陕西省,1998,西部地区,1471.22,607.82,596.48,4106.0,500.26,245.97,3596.0,31.2,2300.0,31.2,,4.32,77.7888296,2924.82
青海省,1998,西部地区,220.92,66.35,111.63,4425.0,43.31,100.9,503.0,67.25,322.7,67.25,,2.68,12.26369349333334,738.88
吉林省,1999,东北地区,1682.07,654.52,604.07,6382.0,552.34,299.6,2616.1,44.89,1628.0,44.89,,2.4,95.27273628,3693.2
辽宁省,1999,东北地区,4171.7,1994.7,1667.4,10086.0,1795.7,610.5,4171.0,25.5,4779.3,25.5,,14.3,248.57456186,8869.9
黑龙江,1999,东北地区,2553.0,1466.6,717.2,6749.0,1399.9,416.02,3792.0,9.23,6230.0,9.23,21.0,22.4,165.2093907,6390.0
上海市,1999,东部地区,4275.8,1990.09,2213.08,27600.0,1807.29,498.01,1474.0,,,,,,92.58833453999999,5066.29
北京市,1999,东部地区,2759.8,900.0,1781.5,22054.0,713.3,143.2,1257.0,8.74,800.0,8.74,,,60.63737166666666,3906.6
天津市,1999,东部地区,1448.43,717.92,659.37,15119.0,641.82,182.56,959.0,0.19,,0.19,,8.54,56.90042323999999,2553.07
山东省,1999,东部地区,7493.84,3644.32,2628.52,8483.0,3197.16,914.74,8883.0,0.06,8995.0,0.06,183.0,7.33,260.4147590666667,9068.0
广东省,1999,东部地区,9409.51,4384.22,4016.28,11611.0,3864.77,1104.4,7270.0,84.71,203.09,84.71,,37.51,157.7881557,8735.0
江苏省,1999,东部地区,7697.82,3920.15,2740.3,10695.0,3387.99,787.06,7213.13,0.04,2291.97,0.04,93.29,0.22,207.8518317866667,8164.0
河北省,1999,东部地区,4158.9,1875.1,1477.8,6310.0,1613.8,771.91,6613.66,2.42,5511.0,2.42,,4.17,251.7914337533333,9379.27
浙江省,1999,东部地区,5501.74,2983.27,1912.15,12320.0,2693.52,529.0,4467.46,81.24,100.0,81.24,,,120.8660557266666,5960.14
海南省,1999,东部地区,476.68,96.02,208.04,6294.0,63.37,38.97,762.0,8.2,2.0,8.2,,5.06,4.211550653333333,430.6
福建省,1999,东部地区,3447.29,1429.01,1411.21,10423.0,1230.22,357.45,3316.0,185.28,577.14,185.28,,,49.30908112666666,2771.64
安徽省,1999,中部地区,2907.8,977.5,1183.6,4819.0,781.6,316.37,6237.0,9.61,4522.0,9.61,,,114.7637680733333,4683.0
山西省,1999,中部地区,1667.1,785.47,721.67,5230.0,684.55,569.9,3204.0,11.39,24900.0,11.39,,1.09,142.1487063733333,5573.2
江西省,1999,中部地区,1853.65,648.82,740.43,4402.0,503.79,187.8,4231.1742,53.08,1731.0,53.08,,,47.76707438666666,2123.3
河南省,1999,中部地区,4554.57,1970.98,1495.89,4871.0,1729.3,658.97,9387.0,15.83,8012.0,15.83,,14.08,139.6122635,7380.0
湖北省,1999,中部地区,3229.29,1310.2,1265.1,5452.0,1139.52,508.0,5938.03,225.01,444.52,225.01,,0.92,123.4609353666666,5988.02
湖南省,1999,中部地区,3214.54,1192.99,1243.3,4933.0,1010.53,333.0,6532.0,165.38,1432.87,165.38,,,78.91991353333333,4087.0
云南省,1999,西部地区,1899.82,811.9,681.05,4558.0,686.09,298.2,4192.4,184.91,2700.0,184.91,,0.88,58.02360222,3287.97
内蒙古,1999,西部地区,1379.31,510.47,525.93,5861.0,425.13,380.61,2361.9,1.65,7071.0,1.65,,,103.3479614266667,3634.88
四川省,1999,西部地区,3649.12,1349.63,1373.46,4540.0,1114.5,492.16,8550.0,260.4,2100.0,260.4,,82.15,99.92114304666664,6370.0
宁夏,1999,西部地区,264.58,103.83,112.67,4900.0,83.51,112.3,543.2891,9.82,1531.3,9.82,,0.12,28.45263441333333,823.1
广西,1999,西部地区,1971.41,682.34,721.35,4444.0,570.76,253.42,4713.0,153.95,794.0,153.95,,,44.8202118,2472.73
新疆,1999,西部地区,1163.2,411.0,496.5,6443.0,315.9,169.31,1774.0,30.06,2800.0,30.06,,31.06,86.70089176666667,3215.02
甘肃省,1999,西部地区,956.32,410.07,354.42,3778.0,326.99,262.42,2542.58,117.47,1900.0,117.47,,0.11,66.66561961333333,2917.3
西藏,1999,西部地区,106.0,23.9,48.8,4180.0,9.5,6.33,256.0,5.22,2.0,5.22,,,,
贵州省,1999,西部地区,944.66,350.41,326.68,2564.0,294.42,334.46,3710.0,133.54,4025.1,133.54,149.45,0.74,62.41223784,3854.4
重庆市,1999,西部地区,1702.66,709.74,706.76,5942.0,597.94,158.27,3075.0,32.29,1183.22,32.29,,34.74,60.26875226666666,1955.53
陕西省,1999,西部地区,1607.93,681.43,671.93,4458.0,549.01,255.1,3618.0,19.68,2432.0,19.68,,12.57,73.7080377,2584.2
青海省,1999,西部地区,239.38,71.3,126.05,4728.0,45.9,114.36,510.0,87.48,247.2,87.48,,3.47,14.4396508,938.68
吉林省,2000,东北地区,1951.51,768.89,783.89,7351.0,655.68,313.5,2681.7,47.84,1636.71,47.84,28.6,2.05,95.97168036,3527.7
辽宁省,2000,东北地区,4669.1,2336.1,1841.2,11177.0,2114.9,645.6,4184.0,14.9,4454.9,14.9,93.25,14.7,290.37292582,9877.2
黑龙江,2000,东北地区,2881.9,1633.4,872.9,7585.0,1566.4,427.0,3807.0,13.19,5000.0,13.19,22.2,23.04,172.1171957133333,6166.0
上海市,2000,东部地区,4879.97,2215.75,2589.46,30700.0,2022.53,553.0,1609.0,,,,46.5,2.6,100.6576402066667,5413.45
北京市,2000,东部地区,3277.8,1023.7,2174.9,25014.0,831.0,145.0,1364.0,8.64,690.0,8.64,22.4,0.0,63.4719169,4144.0
天津市,2000,东部地区,1608.37,794.75,739.93,16412.0,716.71,211.0,1001.0,0.14,,0.14,33.0,9.1,66.94701199333333,2794.0
山东省,2000,东部地区,8278.06,4120.19,2905.79,9260.0,3620.06,1005.0,8998.0,0.03,8039.0,0.03,180.0,6.88,261.4171916333334,11362.0
广东省,2000,东部地区,10958.37,5042.75,4929.3,12993.0,4518.65,1292.69,8650.0,106.11,161.71,106.11,90.5,34.6,182.1402045,9447.7
江苏省,2000,东部地区,8553.69,4435.89,3069.46,11765.0,3848.52,909.69,7327.24,0.13,2479.02,0.13,89.05,0.24,216.2595125866667,8612.43
河北省,2000,东部地区,4628.2,2146.7,1656.8,6966.0,1868.4,844.0,6674.27,4.7,5781.0,4.7,132.1,5.14,257.9286551066667,11195.71
浙江省,2000,东部地区,6218.94,3287.1,2300.87,13585.0,2964.69,625.0,4501.22,65.23,73.0,65.23,59.28,0.04,100.1636042266667,6560.37
海南省,2000,东部地区,526.82,103.97,230.85,6798.0,70.46,39.0,789.0,11.54,2.0,11.54,2.0,0.0,4.7899212,479.95
福建省,2000,东部地区,3804.63,1622.33,1565.93,11313.0,1422.34,404.0,3410.0,195.22,375.03,195.22,22.5,0.0,53.99741417333333,2942.6
安徽省,2000,中部地区,3125.33,1062.23,1321.33,5147.0,841.48,355.0,6093.0,4.58,4790.0,4.58,57.1,0.0,122.49529432,4878.82
山西省,2000,中部地区,1845.72,858.4,807.5,5722.0,748.65,624.7,3247.0,13.04,25152.0,13.04,120.2,1.14,87.94315706666667,6728.0
江西省,2000,中部地区,2003.07,700.76,817.17,4851.0,543.88,226.77,4148.5447,53.5,1813.76,53.5,32.3,0.0,51.51121690666667,2505.0
河南省,2000,中部地区,5097.26,2282.48,1689.85,5401.0,2000.0,694.93,9488.0,15.52,7578.0,15.52,87.7,14.95,140.5305933,7919.0
湖北省,2000,中部地区,3545.39,1437.38,1450.34,6293.0,1243.24,538.11,5646.0,281.4,389.34,281.4,56.0,0.91,127.8611156533333,6269.0
湖南省,2000,中部地区,3551.49,1293.18,1473.39,5590.0,1094.76,354.0,6562.0,191.15,1490.81,191.15,77.3,0.0,75.79219485333334,4071.0
云南省,2000,西部地区,2030.08,836.15,751.64,4814.0,707.0,317.46,4240.8,196.53,2215.61,196.53,38.59,0.05,53.53048516666667,3468.33
内蒙古,2000,西部地区,1539.12,582.6,605.74,6502.0,484.19,439.22,2372.4,5.59,7000.0,5.59,66.4,4.55,110.8669700866667,3937.5
四川省,2000,西部地区,3928.2,1433.11,1549.51,4956.0,1170.63,500.0,8329.0,315.11,2100.0,315.11,122.3,88.6,104.0361479533333,6518.0
宁夏,2000,西部地区,295.02,121.43,127.56,5376.0,96.7,136.61,554.3214,8.18,1581.0,8.18,20.6,0.15,0.8144065000000001,1518.6
广西,2000,西部地区,2080.04,732.76,789.9,4652.0,612.33,289.0,4751.0,168.87,706.67,168.87,83.0,0.0,47.47575506666666,2487.4
新疆,2000,西部地区,1363.6,525.0,564.2,7372.0,418.6,182.0,1849.0,30.83,2745.8,30.83,31.1,35.38,89.32772873333334,3328.0
甘肃省,2000,西部地区,1052.88,421.65,437.13,4163.0,327.6,254.0,2515.31,102.54,1632.71,102.54,36.9,0.2,70.7381526,3011.62
西藏,2000,西部地区,117.8,27.1,55.3,4572.0,10.2,7.0,258.0,5.54,2.13,5.54,0.08,0.0,,
贵州省,2000,西部地区,1040.4,391.2,378.21,2787.0,328.73,404.7,3756.0,183.44,3700.0,183.44,145.01,0.7,61.25344108,4278.6
重庆市,2000,西部地区,1841.43,774.63,786.35,6451.0,644.04,167.9,2848.82,38.22,1149.9,38.22,83.9,38.98,60.59587934666666,2069.17
陕西省,2000,西部地区,1823.34,782.58,782.54,5022.0,629.88,272.28,3644.0,34.8,3493.0,34.8,62.3,21.1,68.53855937333333,2731.0
青海省,2000,西部地区,263.68,80.9,142.66,5138.0,50.87,134.0,516.5,107.69,145.0,107.69,3.2,3.91,12.55301592666667,897.23
吉林省,2001,东北地区,2120.35,852.51,858.74,7893.0,724.73,329.57,2637.1,58.13,1632.1,58.13,26.5,2.05,102.5068024333333,3712.7
辽宁省,2001,东北地区,5033.1,2431.5,2070.9,12015.0,2190.1,662.1,4194.0,22.7,4468.2,22.7,83.94,14.7,272.4570619666666,10356.9
黑龙江,2001,东北地区,3074.1,1665.9,981.7,8071.0,1592.0,447.4,3811.0,13.93,5121.0,13.93,21.9,22.03,163.0235368266666,5830.8
上海市,2001,东部地区,5348.07,2413.83,2858.19,32600.0,2194.09,572.86,1668.0,,,,47.3,3.3,105.8642395733333,5825.8
北京市,2001,东部地区,2817.57,1063.72,1660.85,28097.0,920.2,133.28,1385.0,2.75,831.9,2.75,20.1,,61.7608881,4229.2
天津市,2001,东部地区,1778.3,858.76,840.81,17739.0,768.58,217.43,1004.0,0.09,,0.09,26.8,8.95,66.70229714000001,2918.04
山东省,2001,东部地区,9076.22,4466.74,3269.02,10063.0,3911.03,1069.05,9041.0,0.01,10897.3,0.01,172.0,8.5,303.3498510666667,13778.54
广东省,2001,东部地区,12319.24,5564.66,5765.74,14174.0,5012.16,1351.74,8733.0,190.73,123.56,190.73,97.3,32.87,185.4605602533333,10179.0
江苏省,2001,东部地区,9456.84,4907.46,3454.9,12879.0,4270.9,986.64,7358.52,0.57,2451.14,0.57,114.81,0.23,217.3128372133333,8881.41
河北省,2001,东部地区,5062.9,2293.5,1855.4,7572.0,2011.2,925.0,6699.13,3.62,5900.0,3.62,128.9,5.21,266.51544518,12114.29
浙江省,2001,东部地区,7003.4,3590.07,2753.55,14887.0,3205.39,713.49,4519.84,105.73,73.6,105.73,59.19,0.05,147.83491268,7253.11
海南省,2001,东部地区,579.18,133.84,248.56,7315.0,97.86,44.86,796.0,16.18,1.95,16.18,2.0,,4.929755173333334,520.44
福建省,2001,东部地区,4120.92,1796.68,1700.09,12023.0,1586.48,446.39,3445.0,234.36,512.33,234.36,20.0,,53.64526728666667,3163.09
安徽省,2001,中部地区,3290.11,1415.24,1120.71,5732.0,1007.3,413.92,6128.0,8.41,5524.98,8.41,39.6,,128.9588996533333,5215.08
山西省,2001,中部地区,2029.53,956.01,902.43,6226.0,832.45,711.0,3272.0,16.8,27660.0,16.8,119.9,1.58,93.38229715999995,6967.0
江西省,2001,中部地区,2175.68,786.12,883.56,5221.0,603.23,216.95,4185.7676,54.73,1634.05,54.73,30.6,,52.70291502666666,2628.0
河南省,2001,中部地区,5586.59,2497.71,1893.49,5867.0,2182.8,791.05,9555.0,36.13,8448.0,36.13,89.7,17.36,156.3177719333333,8367.0
湖北省,2001,中部地区,3880.53,1569.33,1619.03,6866.0,1360.1,598.0,5658.0,275.12,333.9,275.12,54.0,0.76,126.836997,6204.81
湖南省,2001,中部地区,3831.9,1412.82,1593.35,6120.0,1180.43,384.35,6596.0,213.39,1546.11,213.39,76.2,,82.07536540666668,4622.0
云南省,2001,西部地区,2159.0,871.39,843.19,5063.0,734.52,359.53,4287.4,216.48,2426.5,216.48,35.75,0.09,58.59139278666667,3741.03
内蒙古,2001,西部地区,1713.81,655.68,699.24,7210.0,541.02,465.5,2381.4,6.2,8163.0,6.2,64.6,7.01,117.6081867866667,4453.48
四川省,2001,西部地区,4293.49,1572.01,1739.81,5376.0,1270.86,583.55,8143.0,428.38,4397.4,428.38,113.5,94.5,105.7526979066667,6810.0
宁夏,2001,西部地区,337.44,135.88,151.89,6039.0,106.82,150.3,563.2211,8.44,1635.7,8.44,20.0,0.08,0.9261131400000001,1578.8
广西,2001,西部地区,2279.34,771.18,931.82,5058.0,639.55,297.19,4788.0,176.09,613.52,176.09,69.7,,44.95121516666666,2700.97
新疆,2001,西部地区,1483.47,638.76,557.35,7945.0,445.6,197.61,1876.0,34.1,1458.2,34.1,30.0,41.24,93.65134493333333,3496.44
甘肃省,2001,西部地区,1125.37,458.07,459.35,4467.0,355.51,302.55,2523.35,110.3,1819.1,110.3,37.0,0.37,73.17171713333332,3068.4
西藏,2001,西部地区,139.2,32.0,70.7,5318.0,10.9,6.97,264.0,5.9,2.53,5.9,0.1,,,
贵州省,2001,西部地区,1147.07,433.52,439.38,3037.0,360.73,480.25,3799.0,221.96,3731.4,221.96,138.12,0.68,55.56257236666666,4438.0
重庆市,2001,西部地区,2038.9,859.92,888.88,7182.0,707.59,170.41,2829.0,40.7,1154.67,40.7,72.2,41.88,56.44832753333333,2208.95
陕西省,2001,西部地区,2034.14,878.82,891.69,5575.0,706.62,303.47,3653.0,27.03,4531.87,27.03,61.9,34.4,70.41435842666667,3034.34
青海省,2001,西部地区,300.13,96.09,159.3,5774.0,58.02,137.8,523.1,95.2,169.0,95.2,3.5,5.9,15.40518478,939.33
吉林省,2002,东北地区,2348.54,943.49,958.88,8714.0,803.53,295.7,2649.4,44.57,1700.0,44.57,26.5,2.41,105.2105494666667,4209.0
辽宁省,2002,东北地区,5458.2,2599.7,2284.4,13000.0,2332.0,725.3,4203.0,14.5,5180.8,14.5,79.3,13.3,294.1117923666666,10333.5
黑龙江,2002,东北地区,3278.2,1728.3,1085.7,8600.0,1650.8,466.25,3813.0,15.09,5900.0,15.09,28.7,20.22,164.12600346,6204.2
上海市,2002,东部地区,5908.12,2635.28,3195.15,34900.0,2399.07,608.92,1713.0,,,,44.7,4.33,109.24907384,6114.47
北京市,2002,东部地区,4525.7,1235.1,3208.2,32231.0,999.6,142.0,1423.0,4.1,881.0,4.1,19.2,0.0,64.27314,4436.1
天津市,2002,东部地区,1952.34,931.46,936.67,19417.0,830.45,268.83,1007.0,0.12,,0.12,23.5,8.88,68.83112333333334,3022.15
山东省,2002,东部地区,10076.52,5037.63,3669.74,11120.0,4364.37,1250.04,9082.0,0.01,13100.0,0.01,169.0,7.5,345.8832843066667,16149.7
广东省,2002,东部地区,13848.63,6209.06,6624.49,15759.0,5628.7,1525.53,8842.0,108.62,168.71,108.62,97.4,31.55,198.4878332666667,11355.0
江苏省,2002,东部地区,10606.85,5604.49,3891.92,14369.0,4880.09,1116.56,7405.5,1.03,2593.58,1.03,112.0,0.23,232.35611174,9609.0
河北省,2002,东部地区,5518.9,2467.7,2094.2,8216.0,2175.3,1014.3,6734.6,3.64,6100.0,3.64,127.9,5.9,289.9851553066667,13404.53
浙江省,2002,东部地区,8144.1,4112.87,3346.03,17136.0,3670.38,778.2,4535.98,95.29,73.5,95.29,62.36,0.05,163.09997114,8279.64
海南省,2002,东部地区,642.74,148.88,270.97,8041.0,111.42,51.31,803.0,13.74,1.26,13.74,2.2,0.0,1.0093991,602.0
福建省,2002,东部地区,4524.38,2029.19,1835.68,13074.0,1808.95,533.1,3476.0,224.35,644.51,224.35,19.3,0.0,61.89461570666666,3615.33
安徽省,2002,中部地区,3827.66,1347.26,1696.74,6238.0,1055.3,470.6,6144.0,10.51,6138.0,10.51,39.6,0.0,133.0682493266667,5316.0
山西省,2002,中部地区,2324.8,1134.31,992.69,7082.0,991.44,842.01,3294.0,18.83,36762.0,18.83,119.9,2.06,207.6915073333333,9340.0
江西省,2002,中部地区,2450.48,941.77,972.73,5829.0,702.42,247.99,4222.4273,61.51,1375.04,61.51,29.3,0.0,56.28194362,2933.0
河南省,2002,中部地区,6094.18,2881.6,2005.47,6359.0,2531.72,909.68,9613.0,15.52,9921.0,15.52,93.7,19.36,162.7025735333333,9005.0
湖北省,2002,中部地区,4212.82,1704.41,1801.41,7437.0,1473.0,606.6,5672.0,272.59,372.55,272.59,53.9,0.91,135.13141796,6713.0
湖南省,2002,中部地区,4151.54,1523.5,1780.79,6734.0,1265.72,425.54,6629.0,227.93,1845.42,227.93,74.3,0.0,94.5465924,5045.0
云南省,2002,西部地区,2358.73,942.09,953.2,5472.0,796.47,426.99,4333.1,209.24,3066.25,209.24,36.41,0.15,63.20665663333333,4131.31
内蒙古,2002,西部地区,1940.94,754.78,811.47,8146.0,614.89,517.98,2384.1,6.74,11470.69,6.74,73.1,8.49,132.2642464466667,5190.12
四川省,2002,西部地区,4725.01,1733.38,1943.68,5890.0,1392.09,695.74,8110.0,409.85,2800.0,409.85,111.7,100.06,113.8248511533333,7510.0
宁夏,2002,西部地区,377.16,153.06,171.14,6647.0,120.54,171.02,571.5376,7.78,1818.19,7.78,22.2,0.32,1.08754144,1771.1
广西,2002,西部地区,2523.73,846.89,1074.85,5558.0,699.15,317.03,4822.0,186.34,613.52,186.34,68.3,0.0,41.82215031333333,2778.58
新疆,2002,西部地区,1612.6,589.2,733.0,8457.0,463.6,195.37,1905.0,29.21,1582.3,29.21,29.6,46.08,91.98289804,3622.4
甘肃省,2002,西部地区,1232.03,501.69,514.83,4875.0,389.38,342.8,2530.76,107.59,2365.51,107.59,42.7,0.87,79.07863145333334,3174.23
西藏,2002,西部地区,162.0,32.7,90.6,6094.0,11.7,8.0,268.0,6.88,1.56,6.88,0.1,0.0,,
贵州省,2002,西部地区,1260.43,481.96,497.65,3301.0,395.45,547.12,3837.0,221.53,5001.12,221.53,134.11,0.48,68.57656239333335,4470.0
重庆市,2002,西部地区,2310.25,981.32,1016.36,8187.0,802.97,184.75,2814.0,37.48,1211.73,37.48,70.0,45.41,57.90651513333334,2422.98
陕西省,2002,西部地区,2281.1,1007.56,991.33,6237.0,819.51,343.51,3662.0,25.92,5900.0,25.92,63.8,40.04,84.72650680000001,3447.88
青海省,2002,西部地区,340.65,113.01,182.33,6478.0,66.48,141.64,528.6,89.0,250.0,89.0,3.2,11.51,16.3825388,1018.83
吉林省,2003,东北地区,2662.08,1098.44,1075.49,9854.0,930.81,311.14,2658.6,40.8,2037.63,40.8,27.2,2.32,116.4757058466667,4468.8
辽宁省,2003,东北地区,5906.3,2841.0,2467.3,14041.0,2532.7,837.0,4210.0,22.9,5871.0,22.9,82.3,13.3,319.5404664733334,11430.7
黑龙江,2003,东北地区,3649.8,1956.4,1200.4,9570.0,1874.8,493.78,3815.0,11.72,6669.2,11.72,35.6,21.0,172.0249026133333,6309.8
上海市,2003,东部地区,6952.54,3239.62,3633.93,40000.0,3001.58,687.63,1766.0,,,,45.0,4.97,123.97791752,6658.49
北京市,2003,东部地区,5267.2,1456.4,3726.7,36583.0,1017.28,192.16,1456.0,6.52,822.57,6.52,18.3,,69.3735695,4648.2
天津市,2003,东部地区,2288.66,1137.59,1061.16,22682.0,1021.25,320.07,1011.0,0.09,,0.09,25.9,8.49,71.52413583333333,3215.0
山东省,2003,东部地区,10903.23,5720.01,3726.24,11977.0,4995.68,1396.97,9125.0,0.2,14667.27,0.2,184.0,8.1,424.1569958666666,18195.76
广东省,2003,东部地区,16286.59,7684.41,7529.26,18295.0,6991.52,1882.68,8963.0,180.02,202.34,180.02,107.52,26.88,225.5829495266667,13099.29
江苏省,2003,东部地区,12442.87,6787.11,4493.31,16743.0,6004.65,1277.88,7457.7,4.0,2760.4,4.0,124.1,0.33,268.1329425066667,11060.7
河北省,2003,东部地区,6333.6,2922.7,2346.8,9380.0,2563.2,1088.34,6769.44,3.01,6600.15,3.01,142.2,6.34,320.6887743000001,15297.89
浙江省,2003,东部地区,9892.57,5126.27,4048.45,20538.0,4501.61,1101.74,4551.58,125.0,69.39,125.0,73.43,,184.0423972,9522.56
海南省,2003,东部地区,713.96,175.82,293.85,8849.0,132.26,58.59,811.0,13.22,2.0,13.22,2.3,,8.302571506666668,683.74
福建省,2003,东部地区,5067.01,2329.67,2055.28,14523.0,2059.3,610.7,3502.0,188.99,778.22,188.99,30.4,,74.99757943333333,4062.55
安徽省,2003,中部地区,4307.77,1557.61,2000.76,7001.0,1185.7,557.15,6163.0,11.51,6726.41,11.51,45.5,,150.3633386933334,5457.1
山西省,2003,中部地区,2854.25,1520.73,1118.33,8639.0,1364.01,965.01,3314.0,19.29,29508.66,19.29,136.3,2.5,308.8455824333334,10387.0
江西省,2003,中部地区,2812.7,1204.33,1056.87,6636.0,863.31,315.35,4254.2255,47.64,951.66,47.64,43.7,,67.82999808000001,3426.0
河南省,2003,中部地区,7017.06,3348.63,2469.73,7279.0,3034.14,1025.1,9667.0,54.57,11871.0,54.57,103.9,20.14,231.7626929333333,10595.0
湖北省,2003,中部地区,4757.45,1949.76,2009.34,8378.0,1682.16,780.46,5685.0,387.75,366.4,387.75,60.9,0.94,150.5168872266667,7708.0
湖南省,2003,中部地区,4659.95,1772.29,2017.98,7589.0,1475.76,537.76,6663.0,244.01,2366.69,244.01,84.8,,104.2053074333333,6298.0
云南省,2003,西部地区,2633.39,1059.78,1079.01,6048.0,895.59,474.8,4375.6,280.9,1399.39,280.9,45.26,0.24,81.85600017333336,4449.97
内蒙古,2003,西部地区,2388.38,840.88,1127.4,10015.0,662.95,647.73,2385.8,7.07,14706.82,7.07,128.8,,126.35710096,6612.77
四川省,2003,西部地区,5346.2,2020.5,2197.13,6623.0,1627.92,849.26,8176.0,480.15,3133.88,480.15,120.7,113.43,148.6697251,9204.0
宁夏,2003,西部地区,442.61,191.75,195.23,7686.0,150.2,206.13,580.1912,7.28,2194.8,7.28,29.3,0.86,38.07641378000001,1986.5
广西,2003,西部地区,2821.11,984.08,1178.25,6119.0,813.79,362.91,4857.0,192.88,417.14,192.88,87.4,,49.71138744000001,3187.66
新疆,2003,西部地区,1889.2,700.3,795.8,9842.0,563.7,233.53,1934.0,36.33,1845.71,36.33,33.1,50.29,102.9454111933334,4064.43
甘肃省,2003,西部地区,1399.94,572.24,589.7,5525.0,452.32,404.87,2537.19,108.07,2603.27,108.07,49.4,0.21,90.30957215333333,3525.1
西藏,2003,西部地区,186.0,47.5,98.9,6883.0,13.9,10.16,272.0,9.21,2.21,9.21,0.07,,,
贵州省,2003,西部地区,1448.99,570.7,587.39,3760.0,474.48,636.6,3870.0,208.25,7802.51,208.25,132.3,0.52,111.70259638,5542.0
重庆市,2003,西部地区,2654.43,1164.12,1157.45,9450.0,953.06,188.64,2803.0,46.19,1484.2,46.19,76.6,47.29,54.54251319333333,2693.21
陕西省,2003,西部地区,2618.79,1221.17,1094.96,7142.0,1006.92,411.21,3672.0,46.75,7392.76,46.75,76.6,51.85,93.60998860000001,3918.96
青海省,2003,西部地区,385.0,132.22,206.77,7248.0,79.01,130.48,533.8,66.6,310.57,66.6,6.0,15.57,18.2439028,1122.7
吉林省,2004,东北地区,3122.01,1329.68,1223.64,11537.0,1143.95,386.0,2661.9,56.35,2589.96,56.35,28.5,3.44,123.6630979266667,4778.7
辽宁省,2004,东北地区,6469.8,2957.8,2737.6,15355.0,2629.7,874.9,4217.0,38.6,6641.9,38.6,83.1,10.3,355.8790670133333,12454.0
黑龙江,2004,东北地区,4180.3,2270.3,1329.0,10955.0,2175.7,502.0,3816.8,13.96,8476.49,13.96,37.3,20.5,193.1741844133333,7515.0
上海市,2004,东部地区,8309.39,3872.16,4355.84,46200.0,3621.82,766.15,1835.0,,,,47.3,5.73,133.8793240666667,7167.16
北京市,2004,东部地区,6252.5,1773.7,4393.4,42402.0,1483.2,204.0,1493.0,3.96,1067.9,3.96,19.1,,77.46762860000001,5139.6
天津市,2004,东部地区,2663.33,1348.28,1209.77,26175.0,1207.17,339.76,1024.0,,,,22.8,8.72,78.9938747,3697.0
山东省,2004,东部地区,13308.08,7327.61,4232.25,14540.0,6497.7,1688.0,9180.0,0.98,14764.28,0.98,182.0,9.25,518.2759317733332,19624.0
广东省,2004,东部地区,18994.03,9191.71,8582.49,21019.0,8433.23,2141.0,9111.0,192.13,557.35,192.13,114.8,43.54,251.3181084333334,15210.47
江苏省,2004,东部地区,14823.13,8325.76,5196.97,19790.0,7407.76,1539.49,7522.95,3.0,2747.03,3.0,124.0,0.53,314.1970611200001,13652.0
河北省,2004,东部地区,7588.6,3467.9,2787.1,11178.0,3047.8,1256.0,6808.75,4.02,8651.97,4.02,142.8,6.63,365.6779623933334,17347.79
浙江省,2004,东部地区,11660.69,6160.4,4696.46,23841.0,5428.69,1232.0,4577.22,95.38,52.1,95.38,81.4,,231.8204403933333,10824.69
海南省,2004,东部地区,802.68,199.6,331.09,9859.0,147.56,66.0,818.0,9.23,,9.23,2.3,1.29,8.767500066666669,742.48
福建省,2004,东部地区,5792.03,2738.71,2290.47,16476.0,2422.22,675.0,3529.0,184.84,1076.05,184.84,32.6,,86.71496977333332,4527.8
安徽省,2004,中部地区,5129.12,1846.21,2332.4,8279.0,1378.2,611.57,6228.0,18.11,8147.86,18.11,48.9,,165.28613316,6017.0
山西省,2004,中部地区,3495.99,1931.63,1301.49,10515.0,1757.82,1079.0,3335.0,21.0,48392.72,21.0,141.5,3.04,322.9408937133335,11251.0
江西省,2004,中部地区,3398.06,1505.19,1228.35,7960.0,1149.79,327.77,4283.5667,75.55,1232.64,75.55,51.9,,83.35710204666667,3814.0
河南省,2004,中部地区,8493.48,4080.74,2765.17,8763.0,3536.8,1185.58,9717.0,78.36,14445.0,78.36,125.6,18.55,239.2608385333334,13074.0
湖北省,2004,中部地区,5664.15,2273.53,2264.38,9746.0,1955.61,1125.46,5698.0,697.24,1016.62,697.24,69.2,1.08,169.1064862933333,9120.0
湖南省,2004,中部地区,5542.62,2135.55,2384.62,9004.0,1768.81,651.0,6698.0,280.93,6016.57,280.93,87.2,,114.20551852,7599.2
云南省,2004,西部地区,3136.38,1267.79,1260.84,7136.0,1060.41,548.0,4415.2,299.83,5045.03,299.83,47.75,0.18,59.664265,5209.81
内蒙古,2004,西部地区,2942.35,1041.21,1378.35,12315.0,823.39,816.75,2392.7,8.49,21235.21,8.49,117.9,17.19,210.0543303733334,8601.81
四川省,2004,西部地区,6303.96,2439.71,2535.18,7895.0,1990.03,934.0,8090.0,620.57,7651.35,620.57,126.4,114.03,169.8660307933333,10700.0
宁夏,2004,西部地区,519.92,232.58,222.01,8904.0,190.28,260.05,587.7142,9.4,2354.59,9.4,29.3,0.78,61.32177393999999,2249.9
广西,2004,西部地区,3433.5,1253.7,1361.92,7182.0,1044.8,378.49,4889.0,185.41,589.19,185.41,94.4,,67.23290950666666,4014.56
新疆,2004,西部地区,2170.4,887.1,844.1,11139.0,734.5,263.84,1963.0,35.03,4188.9,35.03,48.0,57.48,120.9773801733333,4784.83
甘肃省,2004,西部地区,1653.61,680.27,690.02,6512.0,549.52,457.26,2541.48,120.79,3539.98,120.79,48.4,0.2,99.56673650666669,3908.0
西藏,2004,西部地区,217.9,51.3,124.5,7946.0,16.0,11.7,276.0,10.46,1.64,10.46,0.1,,,
贵州省,2004,西部地区,1672.7,667.02,670.58,4303.0,565.13,713.04,3904.0,226.05,9800.0,226.05,131.5,,123.3823211333333,6021.0
重庆市,2004,西部地区,3103.17,1392.55,1290.19,11091.0,1146.43,232.82,2793.0,93.5,1738.19,93.5,79.5,51.57,64.41700151333333,2891.06
陕西省,2004,西部地区,3178.4,1506.05,1315.64,8645.0,1269.9,480.95,3681.0,42.49,8425.99,42.49,81.8,74.56,116.460216,4776.0
青海省,2004,西部地区,443.73,154.41,231.23,8275.0,98.38,173.44,538.6,111.3,452.26,111.3,7.4,18.35,19.61505959333333,1364.38
吉林省,2005,东北地区,3620.27,1580.83,1413.83,13348.0,1363.94,412.08,2716.0,78.3,2487.23,78.3,38.2,5.4,146.8518753866666,5258.5
辽宁省,2005,东北地区,7260.8,3443.9,2962.5,17210.0,3007.4,904.2,4221.0,56.7,6395.0,56.7,119.75,11.7,397.8944398866666,12883.3
黑龙江,2005,东北地区,4804.5,2656.4,1473.5,12582.0,2556.6,596.0,3820.0,14.7,7253.4,14.7,50.8,24.43,228.03843518,8076.0
上海市,2005,东部地区,9398.77,4314.9,4995.81,50500.0,4038.67,734.0,1890.0,,,,51.3,6.04,142.3171622933333,7730.66
北京市,2005,东部地区,7149.8,1907.4,5155.5,47182.0,1705.4,213.0,1538.0,4.71,945.2,4.71,19.1,4932.0,95.36991643333332,5049.8
天津市,2005,东部地区,3203.57,1630.53,1460.66,30097.0,1451.34,369.0,1043.0,0.08,,0.08,26.5,8.79,89.59155360666666,4085.0
山东省,2005,东部地区,15947.51,8841.13,5178.21,17308.0,7875.58,1911.0,9248.0,1.3,14030.0,1.3,200.0,9.25,661.8382439,24162.0
广东省,2005,东部地区,22366.06,11049.21,9921.62,24438.0,10231.13,2163.36,9194.0,207.74,383.38,207.74,129.4,44.75,272.16552162,17920.98
江苏省,2005,东部地区,18121.33,10234.06,6497.07,23984.0,9154.98,1789.53,7588.24,2.66,2817.56,2.66,137.34,0.64,386.7146235066667,17167.39
河北省,2005,东部地区,8773.4,4123.9,3304.2,12845.0,3638.5,1339.0,6850.83,5.61,7956.4,5.61,149.6,6.92,408.92742134,19836.0
浙江省,2005,东部地区,13212.64,6953.67,5377.5,26649.0,6177.64,1456.0,4602.11,135.11,41.29,135.11,86.0,0.03,267.3537220866667,12031.67
海南省,2005,东部地区,884.87,229.83,365.18,10753.0,168.92,82.0,828.0,10.64,,10.64,2.2,1.66,7.554672553333333,822.2
福建省,2005,东部地区,6506.93,3095.92,2618.48,18366.0,2744.68,778.0,3557.0,291.0,1331.74,291.0,46.12,,99.37323437333335,5753.99
安徽省,2005,中部地区,5675.85,2197.4,2511.95,9193.0,1664.58,648.0,6120.0,12.52,8434.0,12.52,67.2,,171.6427301933333,6505.98
山西省,2005,中部地区,4079.38,2389.51,1442.05,12195.0,2192.31,1316.5,3355.0,20.32,55426.0,20.32,151.6,3.24,296.4701554133333,12750.0
江西省,2005,中部地区,3941.23,1834.65,1388.89,9440.0,1468.68,373.0,4311.2439,67.88,2565.05,67.88,61.3,,90.32009306666666,4286.0
河南省,2005,中部地区,10199.5,5063.63,3291.83,10682.0,3228.0,1414.68,9768.0,67.91,18761.0,67.91,162.45,17.62,343.3293820799998,14625.0
湖北省,2005,中部地区,6631.65,2758.83,2641.02,11554.0,2410.42,1290.0,5710.0,813.65,478.07,813.65,71.7,1.12,167.8449044066666,10082.0
湖南省,2005,中部地区,6369.87,2490.17,2801.36,10200.0,2075.4,644.0,6326.0,241.28,3646.51,241.28,91.9,0.74,167.2107180533333,9709.0
云南省,2005,西部地区,3497.69,1387.3,1464.09,7890.0,1144.61,624.0,4450.4,349.19,6462.14,349.19,52.19,0.22,124.5597114866667,6023.97
内蒙古,2005,西部地区,3523.7,1377.8,1556.34,14695.0,1101.69,1056.59,2403.1,11.55,26000.0,11.55,145.6,38.57,246.5671696333333,8772.6
四川省,2005,西部地区,7195.88,2961.19,2831.45,8721.0,2454.28,1019.0,8212.0,653.35,5219.05,653.35,129.9,142.3,159.38908744,11816.0
宁夏,2005,西部地区,579.89,259.79,250.29,9796.0,214.4,313.0,596.2029,16.41,2589.77,16.41,34.3,0.04,74.03123621333333,2470.4
广西,2005,西部地区,3984.1,1510.68,1560.92,8068.0,1264.84,446.0,4660.0,195.82,700.34,195.82,97.0,,70.54686174666668,4536.74
新疆,2005,西部地区,2520.5,1127.1,907.8,12687.0,933.3,310.0,2010.0,42.33,3898.81,42.33,51.9,106.71,132.4432467866667,5506.0
甘肃省,2005,西部地区,1864.63,772.24,788.11,7332.0,633.32,506.0,2545.1,165.57,3619.84,165.57,56.3,0.84,104.5096313733333,4300.88
西藏,2005,西部地区,243.1,60.5,137.7,8733.0,17.4,13.0,280.0,12.1,3.4,12.1,0.2,,,
贵州省,2005,西部地区,1964.21,797.87,803.85,5146.0,679.0,798.0,3730.0,213.35,10800.0,213.35,135.8,0.53,144.1303374333334,5641.25
重庆市,2005,西部地区,3491.6,1559.17,1477.35,12490.0,1294.86,234.03,2798.0,67.32,1957.79,67.32,83.71,57.09,73.2754897,3027.4
陕西省,2005,西部地区,3857.37,1807.76,1631.01,10466.0,1532.17,504.94,3690.0,50.54,10810.72,50.54,92.2,80.59,217.3277412266667,5571.0
青海省,2005,西部地区,499.42,190.29,246.33,9233.0,132.98,213.0,543.2,160.58,555.0,160.58,12.4,22.26,21.12029075333333,1830.48
吉林省,2006,东北地区,4275.12,1915.29,1687.07,15720.0,1659.29,443.0,2679.5,54.6,3004.05,54.6,40.9,2.41,164.06577424,5871.5
辽宁省,2006,东北地区,8390.3,4060.7,3421.1,19760.0,3643.6,1013.4,4271.0,47.0,7367.3,47.0,125.91,11.9,417.3374601666666,14228.0
黑龙江,2006,东北地区,5386.1,2998.0,1656.2,14094.0,2890.2,647.0,3823.0,14.74,7899.2,14.74,51.8,24.65,231.43816134,8727.5
上海市,2006,东部地区,10825.4,4929.16,5804.69,56200.0,4621.17,710.96,1964.0,,,,50.8,5.64,138.3523416466667,8355.49
北京市,2006,东部地区,8387.0,2072.1,6227.7,53438.0,1713.8,215.0,1601.0,4.94,642.1,4.94,17.6,,81.27561754666667,5399.3
天津市,2006,东部地区,3592.52,1834.54,1654.63,33924.0,1644.59,359.0,1075.0,0.1,,0.1,25.5,10.5,90.40551881333333,4500.0
山东省,2006,东部地区,18967.8,10568.49,6301.05,20443.0,9467.48,2315.0,9309.0,0.17,14100.0,0.17,196.0,8.55,745.5731740983333,26759.0
广东省,2006,东部地区,26403.14,13158.01,11750.44,28336.0,12259.42,2466.0,9442.0,267.99,,267.99,126.7,48.95,310.2787414533333,19971.0
江苏省,2006,东部地区,21240.79,11991.11,7781.39,27868.0,10812.04,2216.4,7655.66,3.05,3047.53,3.05,130.4,0.61,419.5027709866667,18742.19
河北省,2006,东部地区,10043.0,4771.9,3869.3,14609.0,4239.5,1461.0,6897.86,14.42,8364.71,14.42,154.55,6.55,409.1073463966667,21794.09
浙江省,2006,东部地区,15516.43,8295.66,6307.61,30840.0,7418.99,1766.0,4629.43,139.76,18.33,139.76,85.9,,302.1794427733333,13218.85
海南省,2006,东部地区,1027.45,291.62,425.12,12350.0,221.31,97.0,836.0,11.59,,11.59,2.4,2.05,14.61085161333333,920.45
福建省,2006,东部地区,7586.16,3629.68,3127.66,21244.0,3189.45,904.0,3585.0,346.82,1759.18,346.82,46.9,,112.5748255666667,6396.85
安徽省,2006,中部地区,6500.31,2653.16,2836.11,10630.0,2031.2,734.0,6110.0,15.72,8331.9,15.72,58.4,,188.5595417533333,7069.0
山西省,2006,中部地区,4713.6,2799.28,1657.91,14008.0,2578.89,1526.0,3375.0,23.87,58142.0,23.87,147.8,6.02,313.86090118,14098.0
江西省,2006,中部地区,4696.8,2337.59,1584.1,10859.0,1923.0,440.0,4339.1287,95.4,2121.7,95.4,63.4,,101.1802870533333,4660.1
河南省,2006,中部地区,11974.61,6198.57,3906.22,12758.0,5584.8,1590.25,9820.0,88.26,18532.0,88.26,162.44,18.68,352.47168086,16234.0
湖北省,2006,中部地区,7670.83,3270.8,3135.48,13210.0,2863.47,1307.0,5693.0,756.06,1117.73,756.06,76.0,1.16,199.6790913666666,11049.0
湖南省,2006,中部地区,7431.55,3030.72,3156.2,11733.0,2547.4,755.0,6342.0,290.69,5948.84,290.69,93.4,,184.8534052133333,10581.0
云南省,2006,西部地区,4090.66,1674.19,1711.97,9158.0,1387.79,754.0,4483.0,355.72,2216.0,355.72,55.1,0.17,140.6143401746,6620.57
内蒙古,2006,西部地区,4161.75,1722.36,1804.45,17275.0,1395.84,1416.0,2415.1,12.8,29759.63,12.8,155.7,53.07,277.98126238,10092.89
四川省,2006,西部地区,8494.68,3658.07,3222.62,10613.0,3059.45,1227.0,8169.0,784.65,6363.1,784.65,128.1,159.95,167.74815338,12986.0
宁夏,2006,西部地区,683.28,321.89,284.55,11389.0,268.55,388.0,603.7305,16.38,3153.68,16.38,38.3,,82.42119286000003,2762.7
广西,2006,西部地区,4746.16,1878.56,1835.12,9421.0,1592.33,523.0,4719.0,243.69,680.53,243.69,99.4,,80.97079900666667,5022.95
新疆,2006,西部地区,2957.3,1409.8,1045.1,14567.0,1242.6,357.0,2050.0,53.42,3034.5,53.42,54.93,164.2,148.51230716,6047.0
甘肃省,2006,西部地区,2202.97,972.5,900.64,8653.0,818.27,530.0,2546.79,170.45,3822.79,170.45,54.6,1.53,110.4577610533333,4670.33
西藏,2006,西部地区,285.9,76.1,162.2,10112.0,21.5,15.0,285.0,13.79,,13.79,0.2,,,
贵州省,2006,西部地区,2292.28,952.97,972.16,6179.0,806.98,974.66,3690.0,225.96,11817.0,225.96,146.5,,167.5403101666666,6172.0
重庆市,2006,西部地区,3949.01,1873.42,1695.91,14089.0,1573.06,275.44,2808.0,56.43,2172.19,56.43,86.0,70.88,83.98257561333332,3339.78
陕西省,2006,西部地区,4642.12,2271.02,1904.89,12565.0,1943.99,577.31,3699.0,39.88,15457.62,39.88,98.1,80.47,187.3837554133333,6129.36
青海省,2006,西部地区,585.15,228.06,291.25,10728.0,166.15,282.0,547.7,209.58,592.0,209.58,13.0,25.03,24.32345878666667,2085.84
吉林省,2007,东北地区,5284.69,2475.45,2025.44,19383.0,2170.74,495.0,2696.1,61.83,3354.18,61.83,39.9,5.22,161.9128054933333,6465.9
辽宁省,2007,东北地区,10292.2,5060.2,4154.7,24022.0,4565.4,1115.0,4298.0,43.8,6349.1,43.8,123.38,8.7,410.6263911333333,15757.9
黑龙江,2007,东北地区,6193.7,3383.0,1918.3,16199.0,3254.1,685.0,3824.0,10.41,7997.1,10.41,51.5,25.5,222.49605006,9374.0
上海市,2007,东部地区,13179.77,5677.51,7402.87,65400.0,5357.89,737.8,2064.0,,,,49.8,5.07,131.5620200066666,9103.3
北京市,2007,东部地区,10425.5,2413.4,7912.8,63629.0,1989.1,228.0,1676.0,4.93,648.8,4.93,15.2,,80.40556009999999,5747.7
天津市,2007,东部地区,4229.85,2123.63,1998.75,38629.0,1888.57,393.0,1115.0,0.14,,0.14,24.5,13.34,90.02082730666667,4943.0
山东省,2007,东部地区,22718.06,12529.41,7737.64,24329.0,11233.13,2698.0,9367.0,0.77,14518.34,0.77,182.0,7.84,765.6405900425733,29177.0
广东省,2007,东部地区,32308.51,16022.56,14622.46,33828.0,14990.77,2732.0,9660.0,241.03,,241.03,120.3,52.48,327.4452751533334,22217.0
江苏省,2007,东部地区,25988.36,14497.42,9775.38,33798.0,13137.87,2674.43,7723.13,2.95,2480.2,2.95,121.8,0.58,436.34622378,20948.04
河北省,2007,东部地区,12152.9,5849.5,4566.4,17561.0,5267.4,1646.0,6943.19,5.68,8662.98,5.68,149.25,7.14,453.9808601466667,23585.13
浙江省,2007,东部地区,18914.68,10122.74,7822.67,36991.0,9093.98,1915.0,4659.34,118.15,12.33,118.15,79.7,,326.1573562673333,14524.13
海南省,2007,东部地区,1234.0,354.26,528.42,14683.0,268.37,115.0,845.0,13.09,,13.09,2.6,2.03,34.20510165333334,1057.0
福建省,2007,东部地区,9474.26,4521.78,4001.26,26328.0,3956.44,1038.0,3612.0,311.59,1991.74,311.59,44.6,,128.6655461666667,7109.26
安徽省,2007,中部地区,7941.61,3371.8,3453.49,12989.0,2604.93,873.0,6118.0,19.67,9369.78,19.67,57.2,,197.4015286133333,7739.0
山西省,2007,中部地区,5935.58,3602.31,2029.81,17542.0,3350.94,1761.0,3393.0,47.32,63021.0,47.32,138.7,,238.13284176,15601.0
江西省,2007,中部地区,5777.62,2950.31,1958.71,12562.0,2435.45,502.0,4368.4125,85.06,2379.8,85.06,62.1,,107.21879194,5052.5
河南省,2007,中部地区,14773.2,7696.51,4920.01,15756.0,7067.2,1910.97,9869.0,88.53,18917.0,88.53,156.4,15.76,394.8922769600001,17838.0
湖北省,2007,中部地区,9451.39,4128.89,3991.06,16593.0,3597.37,1588.0,5699.0,937.7,1084.26,937.7,70.8,1.17,210.5929383666666,12143.0
湖南省,2007,中部地区,9285.45,3867.42,3854.22,14405.0,3375.87,860.0,6355.0,312.56,4852.35,312.56,90.4,,202.4290177466667,11629.0
云南省,2007,西部地区,5077.35,2057.4,2170.35,11287.0,1728.25,905.0,4514.0,430.95,7755.19,430.95,53.37,0.14,137.4089333354434,7132.63
内蒙古,2007,西部地区,5166.93,2122.73,2281.65,21334.0,1737.82,1931.95,2428.8,11.86,35437.94,11.86,145.6,70.47,328.9522359934332,11373.67
四川省,2007,西部地区,10562.1,4607.73,3987.84,12963.0,3896.48,1263.0,8127.0,814.13,7758.8,814.13,117.9,187.46,207.8213225,14214.0
宁夏,2007,西部地区,877.59,422.01,362.69,14458.0,357.57,453.0,610.2518,17.47,3729.9,17.47,37.0,,98.25269680866667,3014.7
广西,2007,西部地区,5835.33,2434.0,2159.98,11542.0,2098.73,683.0,4768.0,323.52,721.48,323.52,97.4,,89.63135676766666,5588.61
新疆,2007,西部地区,3500.0,1588.5,1318.3,16887.0,1406.8,414.0,2095.0,58.84,3986.8,58.84,58.0,210.2,152.4524343466667,6576.0
甘肃省,2007,西部地区,2675.12,1254.14,1055.05,10501.0,1070.21,619.0,2548.19,189.08,3985.91,189.08,52.31,0.63,118.0346358933333,5031.35
西藏,2007,西部地区,344.1,95.2,196.6,11991.0,28.1,15.0,289.0,13.99,,13.99,0.19,,,
贵州省,2007,西部地区,2882.98,1187.17,1265.17,7875.0,1000.86,1166.32,3632.0,340.62,10900.0,340.62,137.52,,159.51047436,6800.0
重庆市,2007,西部地区,4837.51,2237.3,2130.78,17203.0,1862.32,325.22,2816.0,83.75,2711.65,83.75,82.62,71.11,91.47992769999999,3869.5
陕西省,2007,西部地区,5739.71,2865.89,2313.14,15498.0,2449.83,698.76,3708.0,55.45,18313.26,55.45,92.7,110.1,234.27514794,6774.86
青海省,2007,西部地区,720.06,275.28,363.17,13100.0,207.52,308.0,551.6,207.76,896.1,207.76,13.4,34.02,24.982790341,2295.91
吉林省,2008,东北地区,6426.1,3097.12,2412.26,23521.0,2688.37,578.0,2710.5,58.91,3980.09,58.91,37.8,8.74,190.51846928,7100.1
辽宁省,2008,东北地区,12137.7,6273.1,4648.9,28185.0,6736.0,1139.0,4315.0,41.8,6415.5,41.8,113.07,8.7,436.4456884333333,16925.7
黑龙江,2008,东北地区,7215.1,3935.0,2206.3,18866.0,3765.6,733.0,3825.0,17.56,8185.4,17.56,50.6,27.1,239.37425926,9979.4
上海市,2008,东部地区,14877.09,6215.45,8552.27,70800.0,5831.99,773.54,2141.0,,46511.58,,44.6,4.29,144.4205064046667,9608.49
北京市,2008,东部地区,10488.0,2693.0,7682.0,63029.0,2198.0,243.0,1771.0,0.36,578.5,0.36,12.3,,92.26209452666667,5786.2
天津市,2008,东部地区,5278.33,2659.71,2502.02,46079.0,2370.22,382.0,1176.0,0.14,,0.14,24.0,14.01,92.70346117333332,5364.0
山东省,2008,东部地区,27106.22,14911.5,9318.52,28861.0,13310.8,2648.0,9417.0,2.8,14150.92,2.8,169.0,8.85,831.5024652240934,30570.0
广东省,2008,东部地区,37351.5,18519.4,16911.3,38205.0,17356.7,2716.0,9893.0,388.31,10.5,388.31,113.6,60.78,356.9393948333333,23476.0
江苏省,2008,东部地区,30945.45,17051.1,11906.18,39967.0,15336.03,2776.85,7762.48,6.65,2428.09,6.65,113.03,0.58,462.0529130599999,22232.23
河北省,2008,东部地区,14200.1,6981.5,5261.8,20385.0,6296.9,1528.0,6988.82,10.95,7914.58,10.95,134.51,8.74,481.9801329000001,24321.87
浙江省,2008,东部地区,21607.93,11512.68,9021.95,41685.0,10317.04,1905.0,4687.85,143.49,13.1,143.49,74.06,0.31,338.7549243353333,15106.88
海南省,2008,东部地区,1474.66,412.58,638.51,17357.0,303.89,121.0,854.0,12.72,13.1,12.72,2.2,2.32,35.58447656,1135.33
福建省,2008,东部地区,11104.16,5386.98,4621.08,30628.0,4676.93,1127.0,3639.0,399.61,2200.0,399.61,42.9,,137.0180454,7734.2
安徽省,2008,中部地区,9517.68,4194.45,4010.14,15535.0,3238.44,1125.0,6135.0,28.14,11913.22,28.14,55.6,,240.46416578,8325.4
山西省,2008,中部地区,7222.98,4388.95,2460.45,21234.0,4092.25,1794.0,3411.0,23.36,65577.0,23.36,130.8,5.21,593.7542019466666,15675.0
江西省,2008,中部地区,6934.2,3518.79,2400.87,14781.0,2936.92,466.87,4400.1038,167.26,2592.36,167.26,58.3,0.03,115.4740143066667,5383.0
河南省,2008,中部地区,17541.87,9319.38,5646.69,18672.0,9546.0,1952.78,9918.0,98.77,20888.0,98.77,145.2,11.22,330.9702801733332,18976.0
湖北省,2008,中部地区,11497.46,5066.19,4715.24,20153.0,4406.9,1828.0,5711.0,1272.47,1200.0,1272.47,67.0,1.4,212.05967566,12845.0
湖南省,2008,中部地区,11307.36,4870.03,4675.56,17521.0,4310.12,927.0,6380.0,407.0,6153.86,407.0,84.0,3.19,198.19500258,12355.0
云南省,2008,西部地区,6016.59,2476.07,2538.6,12587.0,2092.58,1079.0,4543.0,647.28,8657.43,647.28,50.17,0.06,150.48642102759,7510.82
内蒙古,2008,西部地区,6242.41,2555.05,2784.44,25620.0,2090.6,2136.0,2444.3,11.18,47269.66,11.18,143.1,100.21,437.6763423599999,12410.26
四川省,2008,西部地区,12756.21,5766.49,4850.76,15495.0,4912.4,1383.0,8138.0,980.86,9700.0,980.86,114.8,194.23,234.2090168666667,15145.0
宁夏,2008,西部地区,1139.16,558.06,468.16,18554.0,476.51,471.0,617.6939,16.08,4234.71,16.08,34.8,,109.4718566933333,3183.3
广西,2008,西部地区,7038.88,3050.82,2534.31,13471.0,2640.34,869.0,4816.0,522.97,500.0,522.97,92.5,8.54,95.72933923333332,6054.22
新疆,2008,西部地区,4203.0,2087.0,1426.0,19893.0,1791.0,489.0,2131.0,73.93,6842.01,73.93,58.54,235.89,179.2180557866666,7069.0
甘肃省,2008,西部地区,3071.7,1429.93,1250.53,12048.0,1197.09,698.0,2550.88,188.72,4022.24,188.72,50.2,1.43,126.4627764533333,5264.8
西藏,2008,西部地区,396.0,116.0,220.0,13861.0,30.0,18.0,292.0,14.53,,14.53,0.2,,,
贵州省,2008,西部地区,3551.29,1437.7,1591.04,9826.0,1206.98,1192.08,3596.0,394.04,11800.0,394.04,123.6,,195.37364654,7084.0
重庆市,2008,西部地区,5978.84,2651.79,2772.0,21145.0,2188.63,396.64,2839.0,171.61,3702.86,171.61,78.24,79.5,119.7979258266667,4039.65
陕西省,2008,西部地区,7256.8,3666.09,2873.23,19544.0,3122.04,840.74,3718.0,64.23,23981.47,64.23,88.94,143.79,274.7646772866667,7417.46
青海省,2008,西部地区,896.86,350.29,442.99,16220.0,271.3,310.0,554.3,207.1,1183.0,207.1,13.5,43.65,32.11910005266667,2497.74
吉林省,2009,东北地区,7278.75,3541.92,2756.26,26595.0,3054.6,542.0,2719.5,56.28,4401.46,56.28,36.3,11.62,201.97765382,7553.4
辽宁省,2009,东北地区,12815.7,6539.3,4979.1,29611.0,6841.0,1162.5,4341.0,28.8,6624.2,28.8,105.1,8.1,456.7598960133333,18172.5
黑龙江,2009,东北地区,7315.8,3668.1,2505.8,19124.0,3470.2,723.0,3826.0,17.09,8748.72,17.09,49.0,30.04,274.61244746,10466.7
上海市,2009,东部地区,16181.35,6184.79,9884.19,74400.0,5740.79,778.2,2210.0,,,,37.9,4.03,142.4817524017163,9759.35
北京市,2009,东部地区,11865.9,2743.2,9004.5,68788.0,2191.0,243.0,1860.0,0.37,641.3,0.37,11.9,,95.57911561333331,6008.6
天津市,2009,东部地区,5828.61,2808.74,2900.34,48491.0,2478.72,416.0,1228.0,0.1,,0.1,23.7,14.3,98.05496459333334,5874.0
山东省,2009,东部地区,29540.8,15919.67,10544.94,31282.0,13998.52,2860.0,9470.0,1.74,14400.0,1.74,159.0,9.05,879.8158296914398,32420.0
广东省,2009,东部地区,40215.68,19439.71,18830.02,40168.0,18128.48,2758.0,8365.9815,269.34,,269.34,107.05,58.43,394.8833388800001,24654.0
江苏省,2009,东部地区,34471.67,18667.16,13660.89,44272.0,16570.31,2928.21,7810.27,2.23,2397.44,2.23,107.41,0.57,485.96631998,23709.28
河北省,2009,东部地区,17235.5,8959.8,6068.3,24581.0,6337.5,1741.9,7034.4,5.71,8389.2,5.71,125.3,10.87,511.0559077666667,25418.79
浙江省,2009,东部地区,23227.5,11882.36,10210.46,44294.0,10491.27,2246.0,4716.18,152.67,13.2,152.67,70.13,,351.9687191586667,15566.89
海南省,2009,东部地区,1620.28,432.36,739.83,18860.0,291.89,128.0,864.0,14.95,,14.95,2.2,1.86,37.79464465333334,1232.52
福建省,2009,东部地区,12625.07,6129.07,5387.2,34566.0,5218.63,1171.0,3666.0,275.92,2500.0,275.92,42.0,,161.88932489,8353.67
安徽省,2009,中部地区,10864.68,4918.65,4563.35,17715.0,3743.65,1320.0,6131.0,16.39,12849.0,16.39,53.8,,273.2083028,8895.9
山西省,2009,中部地区,7147.61,4091.2,2612.95,20906.0,3739.76,1874.0,3427.0,21.66,61535.0,21.66,126.8,,589.8364922799998,15576.0
江西省,2009,中部地区,7629.98,3882.65,2685.2,17185.0,3232.49,533.0,4432.1581,85.07,3000.0,85.07,56.4,,117.1268883333333,5812.5
河南省,2009,中部地区,19077.14,9975.26,6436.22,20170.0,9858.4,2068.0,9967.0,93.15,23018.0,93.15,135.5,9.99,471.8889228466667,19751.0
湖北省,2009,中部地区,13192.14,6035.52,5439.3,23081.0,5212.66,1818.0,5720.0,1205.92,1100.0,1205.92,64.4,1.67,232.6935349666666,13708.0
湖南省,2009,中部地区,12772.8,5494.66,5482.34,20428.0,4819.4,1028.0,6406.0,409.43,6600.0,409.43,81.2,,212.11892058,13331.0
云南省,2009,西部地区,6574.36,2605.38,2919.27,13536.0,2135.02,1171.0,4571.0,622.8,8921.02,622.8,49.93,0.02,165.45042829913,8032.06
内蒙古,2009,西部地区,7104.22,2915.99,3253.35,28982.0,2345.55,2242.57,2458.2,14.82,60375.46,14.82,139.9,146.31,476.9876340666668,13401.14
四川省,2009,西部地区,14190.6,6653.24,5376.99,17339.0,5621.3,1579.0,8185.0,1065.41,8997.34,1065.41,113.5,193.56,271.0531697733334,16322.0
宁夏,2009,西部地区,1266.66,592.98,553.24,20382.0,484.75,480.0,625.2023,17.36,5509.53,17.36,31.4,,140.2264710338533,3307.2
广西,2009,西部地区,7784.98,3400.42,2926.07,14708.0,2882.54,944.0,4856.0,516.77,587.6,516.77,89.0,,109.7021492866667,6592.74
新疆,2009,西部地区,4273.6,1951.9,1562.0,19926.0,1579.9,549.0,2159.0,79.55,7646.0,79.55,59.0,245.39,214.5507620466666,7526.0
甘肃省,2009,西部地区,3268.26,1473.24,1376.63,12802.0,1214.03,697.0,2554.91,250.21,3976.06,250.21,50.03,0.29,124.3841423333333,5398.0
西藏,2009,西部地区,441.4,136.2,241.2,15295.0,32.7,18.0,296.0,15.27,,15.27,0.2,,,
贵州省,2009,西部地区,3910.66,1574.87,1804.59,10965.0,1296.98,1363.09,3537.0,400.88,10001.0,400.88,117.55,0.12,227.1579887466667,7566.0
重庆市,2009,西部地区,6744.1,3016.81,3146.24,23672.0,2470.84,428.26,2859.0,165.74,4300.0,165.74,75.0,75.7,136.3738615733333,4398.56
陕西省,2009,西部地区,8094.89,4017.46,3325.86,21746.0,3339.81,899.22,3727.0,74.59,29611.13,74.59,80.44,189.52,262.3428179089999,8043.6
青海省,2009,西部地区,939.7,365.67,468.74,16907.0,273.73,378.0,557.3,276.32,1284.0,276.32,13.6,43.07,35.45867129666667,2573.44
吉林省,2010,东北地区,8667.58,4506.31,3111.12,31599.0,3929.31,594.4,2746.6,105.5,5190.02,105.5,35.6,13.7,225.77494142,8172.8
辽宁省,2010,东北地区,13896.3,7181.8,5245.5,31888.0,6371.4,1295.1,4378.0,44.0,6641.6,44.0,91.4,8.0,494.58754982,19856.4
黑龙江,2010,东北地区,8434.7,4146.1,2996.8,22026.0,3894.1,774.5,3833.0,22.53,9265.5,22.53,49.0,30.0,351.5363086,11139.3
上海市,2010,东部地区,18319.63,7434.89,10770.29,81200.0,6943.93,876.0,2303.0,,8.3,,35.8,3.3,161.4199251271167,10243.26
北京市,2010,东部地区,14113.6,3388.0,10601.0,73856.0,2607.5,269.0,1962.0,4.4,500.1,4.4,11.5,,96.83595784,6359.5
天津市,2010,东部地区,6991.64,3259.74,3600.19,55335.0,2837.27,589.0,1299.0,0.1,3332.7,0.1,23.5,17.2,134.2855255533333,6818.0
山东省,2010,东部地区,39169.9,17733.08,12778.07,35599.0,15449.95,3043.0,9588.0,2.14,16000.0,2.14,154.0,5.33,929.1189914912246,30235.7
广东省,2010,东部地区,46821.3,22917.43,21704.27,45521.0,21387.71,3101.28,8521.5492,348.86,1287.1,348.86,105.1,78.4,445.05936574,25445.22
江苏省,2010,东部地区,41425.5,21853.6,17121.03,53525.0,19382.18,3358.98,7869.34,2.98,2122.48,2.98,105.05,0.6,546.2891356399999,25773.7
河北省,2010,东部地区,20394.3,10707.7,7123.8,28668.0,7495.1,1992.6,7193.6,5.55,10199.3,5.55,123.38,12.7,569.3714923964532,26201.41
浙江省,2010,东部地区,27902.21,14140.9,12438.46,52047.0,12432.05,2568.0,4747.95,230.85,15.05,230.85,67.83,,375.7671392286666,16865.29
海南省,2010,东部地区,2064.5,528.55,970.06,23323.0,347.56,153.0,869.0,13.34,20.0,13.34,2.9,1.8,44.91388286666667,1314.66
福建省,2010,东部地区,15236.56,7705.25,6261.44,41409.0,6532.27,1356.0,3693.0,453.69,2442.73,453.69,40.91,,179.6398527696333,9189.42
安徽省,2010,中部地区,12359.3,6395.99,5253.23,21923.0,4949.15,1443.9,5957.0,18.9,13030.0,18.9,53.3,,282.904202136,9414.0
山西省,2010,中部地区,9200.9,5349.64,3043.91,25434.0,4923.92,2150.6,3574.0,36.63,74096.0,36.63,124.9,,654.0450237333336,16808.0
江西省,2010,中部地区,9451.3,5083.08,3152.49,21099.0,4327.3,637.59,4462.25,117.85,2912.22,117.85,55.7,,134.1921660466667,6280.6
河南省,2010,中部地区,22568.24,11768.65,7672.45,23892.0,11950.88,2283.84,10800.0,91.67,21349.0,91.67,133.87,6.72,573.1298996799999,18964.0
湖北省,2010,中部地区,15967.6,7869.02,6435.48,28359.0,6750.66,2028.67,5723.77,1263.83,1291.71,1263.83,63.3,2.0,279.6078858266666,15138.0
湖南省,2010,中部地区,15574.32,7034.7,6466.43,24719.0,6305.11,1186.44,6570.0,502.53,7670.12,502.53,80.1,,231.6964587666667,14880.0
云南省,2010,西部地区,7224.2,3267.69,3377.33,16866.0,2674.99,1364.85,4601.6,814.12,9763.38,814.12,50.07,0.06,176.25679604686,8674.17
内蒙古,2010,西部地区,11672.0,3420.5,3681.61,33262.0,2720.84,2483.9,2472.2,16.29,79000.0,16.29,139.4,202.87,562.4964512476132,14573.6
四川省,2010,西部地区,17185.5,8283.21,6556.68,20828.0,7032.89,1795.0,8045.0,1213.42,10836.15,1213.42,113.1,237.65,283.5674124066667,17892.0
宁夏,2010,西部地区,1689.7,733.36,686.91,24984.0,597.76,585.82,632.955,18.02,6613.61,18.02,38.3,,151.5435931253733,3679.8
广西,2010,西部地区,9569.9,4536.66,3392.29,18070.0,3885.2,1032.0,4610.0,475.26,757.57,475.26,85.0,,134.2755825933333,7379.23
新疆,2010,西部地区,5437.5,2592.0,1767.0,25034.0,2165.6,679.0,2185.0,97.08,9926.72,97.08,58.85,249.9,240.8176751333333,8290.0
甘肃省,2010,西部地区,4120.8,1910.35,1560.77,15421.0,1613.76,791.53,2559.98,262.32,4547.2,262.32,55.2,1.03,145.0923404066667,5829.85
西藏,2010,西部地区,507.5,164.0,275.0,17027.0,40.8,21.0,300.0,15.85,,15.85,0.39,,,
贵州省,2010,西部地区,4583.65,1820.67,2160.18,13066.0,1484.88,1358.69,3479.0,416.58,12700.0,416.58,116.17,0.12,246.7571948,8175.43
重庆市,2010,西部地区,8186.53,3624.12,3912.93,28505.0,2945.51,456.71,2884.62,169.25,4547.03,169.25,71.94,67.48,138.3801897998567,4987.34
陕西省,2010,西部地区,9973.0,5071.49,3954.77,26730.0,4271.78,1101.91,3735.0,87.24,36115.5,87.24,77.9,223.47,308.2505334515633,8287.63
青海省,2010,西部地区,1350.4,444.22,567.38,20418.0,326.69,457.0,563.47,371.11,1863.0,371.11,14.34,56.1,37.14019736143667,2814.57
吉林省,2011,东北地区,10568.83,5611.48,3679.91,38460.0,4917.95,710.0,2749.41,62.9,4305.17,62.9,41.32,15.0,264.6685343133333,8886.9
辽宁省,2011,东北地区,16354.9,8478.7,6182.9,37353.0,7499.4,1369.9,4379.0,31.7,7005.1,31.7,112.6,7.2,524.4689824,21492.1
黑龙江,2011,东北地区,10074.0,4916.3,3462.2,26458.0,4624.4,835.0,3782.0,17.02,10254.75,17.02,52.19,31.0,381.2402207066666,12118.5
上海市,2011,东部地区,20406.14,8169.34,12110.36,87600.0,7673.28,946.96,2356.0,,,,24.01,3.0,170.6029641133334,10489.09
北京市,2011,东部地区,16251.9,3563.3,13491.0,86246.0,2859.6,263.0,2024.0,4.48,500.1,4.48,9.8,,94.72706830666667,6397.3
天津市,2011,东部地区,8240.8,3756.26,4343.44,62430.0,3231.33,621.0,1341.0,0.14,,0.14,23.09,18.4,149.14449566,7598.0
山东省,2011,东部地区,45361.9,19926.11,15370.27,40581.0,17280.78,3169.0,9665.0,2.03,15345.63,2.03,183.0,5.2,976.5568410733333,37132.0
广东省,2011,东部地区,54009.62,26161.08,25295.37,50960.0,24460.73,3607.2,8637.1937,331.03,,331.03,84.8,83.3,501.36157366,28479.99
江苏省,2011,东部地区,49110.3,25231.21,20699.22,61464.0,22313.47,3755.63,8022.99,2.02,2100.27,2.02,105.38,0.5,613.10788852,26612.21
河北省,2011,东部地区,24515.8,13126.9,8483.2,33969.0,9132.8,2298.1,7240.51,7.25,10584.6,7.25,141.21,12.2,623.4575251933333,28075.03
浙江省,2011,东部地区,32353.13,16271.04,14546.89,58736.0,14277.77,2777.0,4781.31,161.72,15.06,161.72,66.2,,398.622661,17827.27
海南省,2011,东部地区,2522.7,671.26,1155.94,28014.0,440.08,173.0,890.0,12.55,,12.55,3.26,2.0,52.97031218666667,1549.29
福建省,2011,东部地区,18195.15,9316.55,7386.4,48670.0,7823.21,1580.0,3784.0,285.2,2305.44,285.2,38.92,,210.1515334533333,9980.23
安徽省,2011,中部地区,15300.7,8189.09,6227.83,27303.0,6424.71,1635.0,5972.0,17.9,13675.69,17.9,52.95,,315.3871941866666,10251.86
山西省,2011,中部地区,11237.6,6750.15,3557.7,30534.0,6250.99,2344.0,3562.0,34.63,87228.0,34.63,139.91,,766.1171227599999,18315.0
江西省,2011,中部地区,11702.8,6338.0,3926.03,25928.0,5462.31,730.0,4473.9303,79.82,2766.63,79.82,58.41,,144.74835432,6847.1
河南省,2011,中部地区,26212.21,13533.93,9329.03,27788.0,13949.32,2585.0,10922.0,103.42,20935.0,103.42,137.05,5.0,654.10037156,20462.0
湖北省,2011,中部地区,19632.3,9766.13,7707.12,34732.0,8551.19,2086.0,5760.0,1163.89,1497.2,1163.89,66.56,2.28,321.88090454,16579.0
湖南省,2011,中部地区,18914.96,8883.59,7611.37,29880.0,8122.75,1347.0,6581.0,459.03,8170.06,459.03,68.55,,269.55956674,16161.0
云南省,2011,西部地区,8893.1,3811.4,4315.13,20653.0,3076.48,1555.0,4620.0,1007.43,9957.41,1007.43,69.12,0.07,187.8066579999999,9540.28
内蒙古,2011,西部地区,14359.9,4044.04,4104.36,38276.0,3169.78,2972.85,2470.1,12.21,98440.55,12.21,140.94,249.07,740.5160099266664,16140.03
四川省,2011,西部地区,21026.7,10014.39,8181.86,26133.0,8457.36,1981.0,8064.0,1364.02,7282.12,1364.02,90.2,265.53,280.3755627,19696.0
宁夏,2011,西部地区,2102.2,919.84,836.99,30163.52,751.18,937.03,647.9497,16.68,7932.29,16.68,41.0,3.02,190.9482257533333,4719.9
广西,2011,西部地区,11720.9,5707.57,4010.18,22234.0,4883.31,1039.0,4655.0,415.49,784.52,415.49,49.0,,173.3371550866667,8005.79
新疆,2011,西部地区,6610.1,3093.4,2391.4,29624.0,2718.9,875.0,2225.0,114.58,12174.19,114.58,76.31,235.33,286.3110983933333,9927.0
甘肃省,2011,西部地区,5020.4,2288.63,2002.71,18846.0,1947.15,1028.0,2551.73,252.0,4700.65,252.0,62.39,0.2,169.6941547,6393.69
西藏,2011,西部地区,605.8,195.6,346.1,20083.0,49.7,27.0,309.0,20.62,,20.62,0.42,,,
贵州省,2011,西部地区,5690.46,2258.85,2732.05,16238.0,1822.94,1359.01,3530.0,355.0,15600.99,355.0,110.43,,268.6908610266667,9067.85
重庆市,2011,西部地区,10314.07,4571.26,4948.67,35389.0,3700.24,529.57,2944.0,184.27,4321.9,184.27,58.69,62.94,150.7083185066667,5516.15
陕西省,2011,西部地区,12320.07,6484.32,4648.36,32854.0,5513.91,1208.82,3765.0,99.63,41135.08,99.63,91.68,272.21,344.5194306333333,9107.48
青海省,2011,西部地区,1670.4,553.14,664.64,24233.0,415.35,437.0,568.17,345.0,1961.0,345.0,15.66,65.0,50.10085617333334,3145.28
吉林省,2012,东北地区,11939.24,6376.77,4150.36,43415.0,5582.48,684.36,2750.4,65.78,6310.45,65.78,40.35,22.2,265.3038112,9028.3
辽宁省,2012,东北地区,17848.6,8886.9,7092.4,40778.0,7816.2,1453.1,4375.0,38.2,6431.3,38.2,105.9,7.2,543.2743283799999,22313.9
黑龙江,2012,东北地区,11171.0,5099.8,3951.6,29765.0,4776.0,849.0,3724.0,16.34,9541.66,16.34,51.43,33.7,393.3307429066666,12757.8
上海市,2012,东部地区,21774.91,8174.13,13471.45,91600.0,7661.28,886.19,2399.0,,,,22.82,2.9,168.520721172,10573.0
北京市,2012,东部地区,17879.4,3856.0,15020.3,92758.0,3090.1,291.0,2078.0,4.38,493.1,4.38,9.4,,95.93737762533331,6564.1
天津市,2012,东部地区,9193.04,4134.03,4911.11,67621.0,3575.24,590.0,1378.0,,,,22.45,18.7,143.1369256866666,7325.56
山东省,2012,东部地区,50013.2,21275.89,17634.36,44348.0,18421.9,3212.0,9708.0,1.23,14500.7,1.23,175.0,6.0,1007.560419937452,38899.0
广东省,2012,东部地区,58057.57,27346.12,28000.13,53271.0,25526.22,3593.24,8635.8893,367.31,,367.31,79.92,83.5,486.6959933666667,29144.01
江苏省,2012,东部地区,54058.2,27150.75,23309.75,66533.0,23942.24,3928.35,8120.0,11.22,2104.16,11.22,99.2,0.6,619.9885850133334,27821.11
河北省,2012,东部地区,26575.0,14003.6,9384.8,36584.0,9665.1,2370.9,7287.51,4.7,11771.6,4.7,134.12,13.4,642.3070621986535,28762.47
浙江省,2012,东部地区,34978.48,17040.53,16327.14,62156.0,14853.27,2808.0,4799.34,187.01,15.01,187.01,62.58,0.6,383.593455378,18076.18
海南省,2012,东部地区,2855.5,747.22,1358.31,30993.0,478.32,199.0,910.0,15.36,,15.36,3.41,1.8,54.23930396666666,1633.74
福建省,2012,东部地区,20510.78,10527.0,8354.84,53799.0,8711.23,1623.0,3841.0,476.2,1874.55,476.2,37.13,,208.5290139266667,10206.54
安徽省,2012,中部地区,17212.1,9247.89,7075.22,30697.0,7279.71,1771.0,5978.0,19.6,14713.78,19.6,51.96,,355.9069967333334,11015.0
山西省,2012,中部地区,12112.8,6852.7,4188.44,32864.0,6330.4,2535.0,3548.0,43.79,91333.0,43.79,130.18,,854.6698846066664,19336.0
江西省,2012,中部地区,12948.9,6893.33,4475.22,28799.0,5889.24,728.0,4475.0,111.66,2620.7,111.66,56.77,,146.4602909333333,7148.3
河南省,2012,中部地区,28878.51,14528.17,10773.19,30410.0,15017.56,2643.0,10932.0,136.72,18058.0,136.72,127.59,5.0,545.86928474,20920.0
湖北省,2012,中部地区,22250.5,11152.55,8763.52,39149.0,9771.03,2238.0,5781.0,1415.34,1265.33,1415.34,62.24,1.7,311.387899004,17675.0
湖南省,2012,中部地区,21207.23,9926.66,8712.72,33480.0,9138.5,1398.0,6590.0,602.7,8823.01,602.7,64.5,,275.30121666,16744.0
云南省,2012,西部地区,10309.5,4458.4,4998.56,23992.0,3557.36,1759.0,4631.0,1238.23,7610.37,1238.23,67.22,0.05,195.4682620314437,10433.68
内蒙古,2012,西部地区,15880.6,4553.62,4463.3,42441.0,3568.19,3116.89,2464.0,17.66,107000.0,17.66,138.49,259.17,788.6916738363333,16912.9
四川省,2012,西部地区,23872.8,11231.06,9548.8,29627.0,9408.52,2151.0,8085.0,1562.46,6533.83,1562.46,86.44,242.26,289.7123398466667,20575.0
宁夏,2012,西部地区,2341.3,992.46,949.51,32609.0,801.95,1005.91,659.128,19.01,8597.66,19.01,40.7,3.33,188.5696174412791,4895.2
广西,2012,西部地区,13035.1,6287.19,4630.48,24181.0,5318.97,1186.12,4694.0,536.46,753.61,536.46,47.0,,192.8531263666667,8530.55
新疆,2012,西部地区,7505.3,3325.9,2881.9,33103.0,2873.2,1237.0,2253.0,139.66,14014.52,139.66,79.61,253.01,333.4407996466666,11831.0
甘肃省,2012,西部地区,5650.2,2493.31,2308.87,21141.0,2107.12,1103.0,2550.0,294.67,4878.08,294.67,57.25,0.2,173.7537790866667,6893.76
西藏,2012,西部地区,701.0,226.1,408.8,22762.0,57.4,26.0,315.0,18.98,,18.98,0.42,,,
贵州省,2012,西部地区,6828.12,2716.8,3248.63,19188.0,2185.79,1548.44,3587.0,582.05,18107.05,582.05,104.11,,287.21315806,8604.19
重庆市,2012,西部地区,11797.77,5308.14,5609.96,39864.0,4291.4,536.53,2975.0,244.75,3808.23,244.75,56.48,55.76,149.3584051434266,5834.84
陕西省,2012,西部地区,14311.51,7612.26,5384.41,37901.0,6505.2,1330.5,3787.0,88.91,47904.12,88.91,84.38,309.62,405.1313081412901,9914.53
青海省,2012,西部地区,1893.5,620.19,734.05,26839.0,462.7,556.0,571.0,435.0,2460.0,435.0,15.39,64.0,58.55969730266667,3475.88
吉林省,2013,东北地区,12981.46,6856.09,4658.63,47192.0,6059.28,773.0,2751.28,125.0,3156.7,125.0,38.15,23.91,237.2885526333333,9170.9
辽宁省,2013,东北地区,19208.8,9204.2,8031.2,43956.0,8039.6,1516.0,4365.0,37.6,5610.13,37.6,102.7,7.2,529.8634425866667,20499.6
黑龙江,2013,东北地区,12017.0,5202.7,4274.8,32522.0,4857.5,844.0,3666.0,29.0,8017.23,29.0,48.91,34.99,363.48212584,11853.3
上海市,2013,东部地区,23809.37,8286.53,15391.21,98200.0,7765.32,972.0,2448.0,,,,21.58,2.35,181.78292098,10890.39
北京市,2013,东部地区,19500.56,4352.3,14986.4,93213.0,3336.6,336.0,2125.0,5.0,500.1,5.0,8.7,7.5,86.69487504,6723.9
天津市,2013,东部地区,10075.24,4407.1,5513.35,72276.0,3814.68,597.0,1410.0,0.2,,0.2,21.68,18.73,151.0324593,7881.83
山东省,2013,东部地区,54684.3,27422.5,22519.2,48673.0,19475.3,3597.0,9746.0,4.6,15145.24,4.6,164.0,5.11,944.49442586,35358.0
广东省,2013,东部地区,63757.27,29342.97,31537.88,57153.0,27142.1,3796.25,8759.4645,318.0,,318.0,76.19,75.26,493.0877252666667,30179.7
江苏省,2013,东部地区,59161.75,29149.42,26752.5,72768.0,25564.39,4405.0,8192.0,12.0,2011.18,12.0,94.17,0.51,638.440952,29205.38
河北省,2013,东部地区,28301.41,14781.9,10279.1,38909.0,9847.5,2443.0,7332.61,12.0,9310.24,12.0,128.47,15.58,657.7199650133333,29664.38
浙江省,2013,东部地区,38023.25,18162.78,18141.73,66306.0,15835.77,2941.0,4826.89,191.0,12.3,191.0,59.34,,387.5609208266666,18640.0
海南省,2013,东部地区,3146.46,750.9,1641.35,34053.0,441.64,232.0,920.0,24.0,,24.0,3.24,2.25,51.96649546666666,1720.33
福建省,2013,东部地区,22851.69,11805.5,9301.02,59155.0,9650.19,1790.0,3885.0,399.0,1614.81,399.0,36.1,,203.57113088,10898.51
安徽省,2013,中部地区,19038.87,10233.43,8177.44,34404.0,8045.39,1978.0,5988.0,36.0,13880.0,36.0,50.13,,387.1800404133332,11696.39
山西省,2013,中部地区,12602.24,6684.32,4605.34,33848.0,6113.88,2625.0,3535.0,40.0,92167.0,40.0,125.54,25.11,1499.0626243,19761.0
江西省,2013,中部地区,14338.5,7661.85,5097.67,31771.0,6523.26,852.0,4476.0,123.0,2985.72,123.0,55.77,,162.1894644733333,7582.9
河南省,2013,中部地区,31621.39,15464.13,12330.07,33103.0,15960.6,2811.0,11039.0,115.0,16043.0,115.0,125.4,4.93,594.4161655466667,21909.0
湖北省,2013,中部地区,24668.49,11846.3,10647.98,43835.0,10227.36,2235.0,5798.0,1175.0,855.87,1175.0,59.94,3.09,252.9214366933333,15703.0
湖南省,2013,中部地区,24501.67,10913.8,10042.26,36763.0,10001.0,1278.0,6600.0,430.0,7072.2,430.0,64.13,,266.3274043066667,14919.0
云南省,2013,西部地区,11720.91,5000.52,5946.48,25083.0,3903.4,2148.0,4641.0,1631.0,8185.53,1631.0,66.31,0.02,195.7814407133333,10072.09
内蒙古,2013,西部地区,16832.38,9084.19,6148.78,67498.0,3823.57,3623.0,2497.61,36.0,99054.54,36.0,135.87,10.04,783.7430854866665,17544.17
四川省,2013,西部地区,26260.77,12418.94,10841.66,32750.0,10308.99,2617.0,8109.0,2023.0,3882.36,2023.0,81.67,244.81,277.5084064,19212.0
宁夏,2013,西部地区,2565.06,1059.5,1057.46,35135.0,846.26,1121.0,666.374,19.0,8800.0,19.0,38.97,,187.7560740666666,5186.8
广西,2013,西部地区,14378.0,6863.04,5171.39,26416.0,5749.65,1219.0,4731.0,462.0,640.34,462.0,44.0,0.1,189.7749425466667,9100.37
新疆,2013,西部地区,8360.24,3766.0,3126.0,37181.0,2951.6,1613.0,2285.0,164.0,15576.39,164.0,82.94,283.98,336.3367715533334,13632.0
甘肃省,2013,西部地区,6268.0,2821.0,2567.6,23647.0,2225.2,1195.0,2537.0,356.0,4497.3,356.0,56.2,0.17,181.4664898133333,7286.72
西藏,2013,西部地区,807.67,292.9,427.9,26068.0,63.9,23.0,317.0,14.0,,14.0,0.42,,,
贵州省,2013,西部地区,8079.86,3170.99,3909.53,22385.0,2533.25,1674.0,3632.0,422.0,19117.79,422.0,98.64,0.41,314.2459347866667,9298.54
重庆市,2013,西部地区,13275.82,5988.62,6345.96,44356.0,4775.67,586.13,3011.0,178.0,3941.52,178.0,54.77,50.91,134.28004044,6225.92
陕西省,2013,西部地区,16106.31,8417.95,6224.87,42435.0,7156.94,1493.66,3804.0,71.0,50134.28,71.0,80.62,371.65,482.8362908666666,10610.48
青海省,2013,西部地区,2101.05,680.96,827.63,30005.0,502.02,591.0,571.0,427.0,3020.0,427.0,15.67,68.0,70.83474422666666,3768.16
吉林省,2014,东北地区,13803.8,3804.85,4891.48,37539.0,3065.01,758.0,2641.9,70.0,3100.0,70.0,37.23,22.28,234.9688145733333,8559.8
辽宁省,2014,东北地区,20025.7,9038.8,8984.9,45915.0,7811.3,1607.0,4358.0,19.7,4906.4,19.7,99.5,7.0,520.8065530133333,20585.7
黑龙江,2014,东北地区,12357.1,4872.4,4793.7,33976.0,4527.9,894.0,3608.0,21.0,7059.0,21.0,47.22,35.39,350.3544870733333,11954.9
上海市,2014,东部地区,25964.46,8633.25,17199.25,105700.0,8099.89,808.0,2467.0,0.0,,0.0,18.81,2.12,156.546572718,10639.86
北京市,2014,东部地区,21330.8,4433.0,18333.9,99995.0,3522.8,369.0,2171.0,7.0,457.0,7.0,7.9,12.8,88.97727004509333,6831.2
天津市,2014,东部地区,10749.17,4615.5,5974.85,75725.0,3972.44,612.0,1429.0,0.2,,0.2,20.92,21.15,143.93499226,8145.06
山东省,2014,东部地区,59426.6,28788.1,25840.1,51933.0,20178.23,3738.0,9808.0,5.5,14684.0,5.5,159.0,4.92,997.8307935896967,36511.0
广东省,2014,东部地区,69593.36,31930.37,34624.28,61157.0,29497.8,3805.0,8886.8799,289.0,,289.0,73.01,83.66,500.6484935466667,29593.26
江苏省,2014,东部地区,65088.3,31048.84,30174.27,78711.0,27154.52,4348.0,8281.0,12.0,2019.2,12.0,90.47,0.52,621.0711742733333,29863.03
河北省,2014,东部地区,29421.2,15012.9,10960.8,39984.0,10056.3,2383.0,7383.75,13.0,7345.0,13.0,118.99,0.0,624.58643386,29320.21
浙江省,2014,东部地区,40744.08,19580.72,19436.79,69803.0,16955.25,2913.0,4859.18,203.0,,203.0,57.4,0.0,380.7947016548833,18826.0
海南省,2014,东部地区,3500.7,826.52,1829.34,37166.0,485.94,246.0,936.0,25.0,,25.0,3.26,1.58,58.85284643333333,1819.93
福建省,2014,东部地区,25329.4,13165.07,10308.48,64698.0,10682.19,1870.0,3945.0,413.0,1589.0,413.0,35.6,0.0,229.1551760666666,11794.37
安徽省,2014,中部地区,20848.8,10982.59,9242.11,37580.0,8595.16,2028.0,5997.0,41.0,12804.0,41.0,49.3,0.0,401.79524150701,12011.02
山西省,2014,中部地区,12759.4,6377.96,4980.13,34248.0,5769.17,2643.0,3528.0,34.0,92794.0,34.0,120.82,31.6,1552.00530736,19863.0
江西省,2014,中部地区,15708.6,8238.65,5802.26,34674.0,6930.73,876.0,4480.0,133.0,2814.0,133.0,53.44,0.43,165.4706066333333,8055.4
河南省,2014,中部地区,34611.18,16582.3,14040.66,36020.0,15809.09,2675.0,11102.0,96.0,14416.0,96.0,119.82,4.87,557.5265443733333,22890.0
湖北省,2014,中部地区,27367.0,13007.91,12232.63,48635.0,11174.22,2395.0,5816.0,1385.0,1057.0,1385.0,58.38,1.45,251.82368012138,16320.0
湖南省,2014,中部地区,27048.5,11825.12,11385.15,39181.0,9859.94,1261.0,6611.0,488.0,5554.0,488.0,62.37,0.0,255.9691208133333,15317.0
云南省,2014,西部地区,12814.6,5376.49,6657.73,27264.0,4085.03,2550.0,4653.0,2082.0,4741.0,2082.0,63.67,0.02,187.7704337161079,10454.83
内蒙古,2014,西部地区,17769.5,5114.42,5405.77,49585.0,4008.33,3861.0,2449.0,35.0,99391.26,35.0,131.24,15.45,806.0000900000002,18167.46
四川省,2014,西部地区,28536.7,13082.69,12283.9,35563.0,10703.84,3130.0,8139.0,2578.0,7663.0,2578.0,79.64,253.53,298.40235778,19878.7
宁夏,2014,西部地区,2752.1,1113.67,1143.35,36815.0,880.95,1167.0,678.1159,18.0,8563.47,18.0,37.71,0.0,195.2158288072134,5319.4
广西,2014,西部地区,15673.0,7335.6,5925.16,28603.0,6065.34,1298.0,4770.0,631.0,615.0,631.0,43.0,0.16,183.4996136233333,9515.34
新疆,2014,西部地区,9264.1,3829.3,4028.5,40648.0,3211.2,2093.0,2325.0,159.0,14520.0,159.0,85.3,296.7,366.2596650466668,14926.0
甘肃省,2014,西部地区,6835.3,2924.86,3009.61,26427.0,2263.2,1241.0,2531.0,355.0,4753.0,355.0,57.56,0.15,180.4685522933333,7521.45
西藏,2014,西部地区,920.8,310.3,541.3,29252.0,69.7,26.0,325.0,20.0,,20.0,0.43,0.0,,
贵州省,2014,西部地区,9297.48,3582.36,4433.6,25441.0,2840.26,1845.0,3677.0,733.0,18508.0,733.0,92.58,0.4,319.61199394,9708.78
重庆市,2014,西部地区,14911.69,6774.58,7146.36,49262.0,5369.87,644.5,3043.0,241.0,3884.0,241.0,52.69,48.05,139.1161893866667,6603.61
陕西省,2014,西部地区,17635.61,9045.03,7023.73,46221.0,7632.39,1326.0,3827.0,71.0,52008.2,71.0,78.1,410.11,502.0402489513335,11222.46
青海省,2014,西部地区,2301.1,714.81,916.98,32218.0,504.5,596.0,576.0,403.0,1833.0,449.0,15.43,69.0,62.53144357333333,3991.7
吉林省,2015,东北地区,14274.1,3837.76,4909.6,38128.0,3090.7,731.0,2613.0,58.42,2634.0,131.88,36.29,20.31,218.8517627533333,7020.1
辽宁省,2015,东北地区,20210.3,8344.6,9811.9,46482.0,7115.7,1626.8,4338.0,266.53,4635.4,266.53,96.9,5.8,502.3709062932751,21362.5
黑龙江,2015,东北地区,12023.2,3926.9,5384.0,33693.0,3593.9,870.0,3529.0,16.86,6551.0,81.69,45.63,35.82,347.8047143066667,11104.0
上海市,2015,东部地区,27821.63,8408.65,19287.45,113000.0,7888.59,793.0,2458.0,,,,17.08,1.88,161.6468814,10930.53
北京市,2015,东部地区,22968.6,4660.6,18884.7,106497.0,3458.9,421.0,2188.0,6.64,450.0,9.719999999999999,7.1,16.88,83.38630906666667,6802.8
天津市,2015,东部地区,10889.18,4489.59,6237.28,75936.0,3815.09,623.0,1439.0,0.16,,6.470000000000001,18.59,20.54,135.1147562333333,8319.38
山东省,2015,东部地区,63002.3,29485.9,28537.4,56205.0,21156.5,4685.0,9866.0,7.77,14220.0,131.73,153.0,4.57,1052.18414882,39331.6
广东省,2015,东部地区,75820.78,33913.76,38717.26,65456.0,31315.46,3900.21,11678.0,1100.46,,1100.46,67.83,96.57,497.9458497400001,30117.44
江苏省,2015,东部地区,70116.4,33371.77,33931.69,89426.0,28802.63,4351.78,8315.0,256.45,1918.9,256.45,83.51,0.37,634.16123836,30374.14
河北省,2015,东部地区,29806.1,14386.9,11979.8,40255.0,10026.4,2487.2,7345.0,9.98,7437.1,205.63,110.84,10.43,639.3670548866667,31037.0
浙江省,2015,东部地区,44222.0,20606.55,21844.09,74479.0,17803.3,3011.0,5985.0,749.36,,749.3599999999999,53.78,,381.5013199800001,19610.0
海南省,2015,东部地区,3702.8,366.32,2015.99,39704.0,492.89,261.0,945.0,23.65,,23.65,3.23,1.88,65.35463163333334,1916.03
福建省,2015,东部地区,27307.47,13735.68,11638.95,68880.0,11008.7,1901.0,3984.0,805.72,1591.0,805.72,33.79,,234.4745259133333,11862.79
安徽省,2015,中部地区,22005.6,10838.34,10616.78,39692.0,8360.56,2034.2,6011.0,30.9,13404.0,55.21,48.0,,392.8482954266666,12301.23
山西省,2015,中部地区,12802.6,5219.7,5890.53,33593.0,4597.17,2457.5,3519.0,29.26,96680.0,118.3,112.06,43.08,1474.498788926667,19029.0
江西省,2015,中部地区,16723.8,8367.65,6698.77,36724.0,7026.22,982.0,4485.0,178.31,2270.7,191.98,52.81,0.35,170.4058129,8423.44
河南省,2015,中部地区,36798.2,17141.3,15641.34,38042.0,15823.33,2615.0,9701.0,110.16,13548.0,124.75,114.43,4.19,537.0660642733334,22343.0
湖北省,2015,中部地区,29550.2,13569.49,13664.58,52021.0,11677.26,2341.0,5850.0,1328.47,860.0,1347.02,55.14,1.35,252.87707376,15477.0
湖南省,2015,中部地区,28538.6,12665.72,13124.97,43155.0,10458.8,1314.0,6615.0,572.52,3559.0,601.24,59.55,,250.5157670133333,14514.0
云南省,2015,西部地区,13717.9,5491.69,7389.0,28806.0,4044.54,2553.0,4663.0,2177.57,5184.0,2275.53,58.37,,178.6513173266666,10424.69
内蒙古,2015,西部地区,18032.8,5269.54,6049.24,52972.0,4121.2,3928.77,2440.0,36.42,91000.0,501.29,123.09,9.24,753.7999418933337,18783.7
四川省,2015,西部地区,30103.1,13192.45,13488.6,37150.0,10735.01,3130.0,8196.0,2667.64,6406.0,2678.95,71.76,267.22,253.5840695666666,18306.0
宁夏,2015,西部地区,2911.8,1116.78,1225.78,37885.3,874.72,1154.74,683.5625,15.53,7975.8,136.82,35.76,,193.3784904733333,5438.0
广西,2015,西部地区,16803.1,7694.74,6542.41,30890.0,6338.28,1300.0,4811.0,749.31,425.0,755.5999999999999,39.0,0.16,173.2260292266667,9805.66
新疆,2015,西部地区,9324.8,3616.94,4208.97,40036.0,2770.9,2479.0,2385.0,209.05,15221.0,416.26,77.83,293.02,379.0918000733333,15666.0
甘肃省,2015,西部地区,6790.3,2494.77,3341.01,26165.0,1778.1,1139.45,2523.0,270.96,4390.27,456.78,57.06,1.21,176.5753007666667,7488.5
西藏,2015,西部地区,1026.4,376.19,553.31,31999.0,73.5,45.0,330.0,39.51,,42.12,0.54,,,
贵州省,2015,西部地区,10887.14,4026.71,5218.45,29484.0,3195.95,1815.0,3708.0,789.22,17205.0,828.22,85.3,0.93,327.5703885133333,9344.21
重庆市,2015,西部地区,16305.9,7208.01,8030.17,53348.0,5621.47,644.64,3070.0,229.44,3562.0,231.53,49.58,69.31,139.1925612666666,6924.77
陕西省,2015,西部地区,18188.26,8664.6,7923.92,47408.0,7103.3,1594.11,3846.0,134.26,52224.16,170.2,73.5,415.92,529.3634789333335,11715.85
青海省,2015,西部地区,2417.1,761.13,1040.96,34883.0,516.4,537.0,577.0,364.33,805.0,435.92,15.08,61.37,44.05121630666667,4124.97
吉林省,2016,东北地区,10427.0,3901.42,5395.53,40259.0,3148.21,760.0,2567.0,82.42,1684.0,,14.4,19.77,214.1832324133333,6885.7
辽宁省,2016,东北地区,20392.5,7865.7,10685.6,47069.0,6617.5,1731.5,4327.0,348.37,4082.1,348.37,50.8,5.4,508.94331232,20847.1
黑龙江,2016,东北地区,12280.9,3689.7,5839.9,35128.0,3367.3,900.0,3463.0,16.87,5890.0,,21.86,38.04,365.3735831466667,11070.0
上海市,2016,东部地区,30963.87,8570.24,22279.29,125700.0,8045.54,807.0,2467.0,,,,6.5,2.02,158.2252263866667,11241.73
北京市,2016,东部地区,24899.3,4665.8,22245.7,118198.0,3635.5,434.0,2195.0,12.29,318.0,,1.5,21.68,74.94444947387,6961.7
天津市,2016,东部地区,11487.01,4367.97,6950.58,79716.0,3773.04,618.0,1443.0,0.03,,,2.67,19.69,130.3522523266667,8078.28
山东省,2016,东部地区,67008.2,25565.0,28367.2,59239.0,21695.98,5329.0,9973.0,13.92,12818.0,,73.0,4.22,1096.719673912637,40137.9
广东省,2016,东部地区,83493.4,35499.24,44493.67,70799.0,32677.94,4170.0,11908.0,1198.7,,1198.7,25.56,79.25,506.8626115000001,31211.0
江苏省,2016,东部地区,76086.17,35041.53,38269.57,92658.0,30291.36,4667.73,8381.0,306.35,1367.91,306.35,57.01,1.33,653.1168446466667,31209.71
河北省,2016,东部地区,31827.9,12332.3,13059.3,43062.0,10755.9,2616.8,7375.0,22.26,6484.3,,55.18,7.78,614.5694730466668,31458.05
浙江省,2016,东部地区,48095.82,21571.25,24634.14,79781.0,18661.48,3198.0,6072.0,823.64,,823.64,26.84,,379.1765373527963,20275.6
海南省,2016,东部地区,4044.51,904.0,2261.51,43009.0,482.5,288.0,957.0,87.79,,87.79,1.34,1.37,62.25545202666667,1983.67
福建省,2016,东部地区,30199.17,14683.72,13370.35,75498.0,11711.98,2007.0,4016.0,1107.23,1384.0,1107.23,24.16,,217.1517393066666,12035.99
安徽省,2016,中部地区,26307.7,11517.48,12300.46,43686.0,8909.39,2253.0,6033.0,63.17,12236.0,,27.2,3.38,380.1773146818087,12662.89
山西省,2016,中部地区,12928.34,5113.62,6108.5,33972.0,4441.22,2510.5,3514.0,37.5,83044.0,,49.59,43.22,1433.114433373333,18974.0
江西省,2016,中部地区,18364.4,8732.52,7861.95,40400.0,7349.25,1085.0,4496.0,198.53,1557.0,,45.81,0.23,176.67199088,8730.1
河南省,2016,中部地区,40167.73,18140.64,17963.44,41242.0,15536.8,2622.5,9778.0,95.54,11905.0,,38.65,3.3,536.8387751689834,22323.0
湖北省,2016,中部地区,33353.0,14527.01,15419.53,56844.0,12480.47,2479.0,5885.0,1410.72,594.0,,21.78,1.31,253.98360879895,15897.0
湖南省,2016,中部地区,30853.45,12941.99,14995.88,46606.0,10540.12,1385.0,6625.0,621.51,2787.0,,30.92,,265.505298729077,14845.0
云南省,2016,西部地区,14896.95,5747.4,8396.1,31093.0,4087.54,2693.0,4677.0,2278.15,4587.0,,52.62,0.02,184.5370250039522,10725.95
内蒙古,2016,西部地区,18632.6,5579.77,6558.93,56560.0,4357.1,3949.81,2436.0,27.48,84558.88,,56.95,0.27,754.615166564893,19309.66
四川省,2016,西部地区,32680.5,13450.13,15787.75,40297.0,10790.93,3274.0,8251.0,2852.07,6165.0,,30.79,296.91,250.1385517266667,18755.8
宁夏,2016,西部地区,3150.06,1179.74,1360.65,40363.35,925.44,1144.38,694.6134,14.02,7069.32,,19.65,,189.7172342687633,5591.0
广西,2016,西部地区,18245.07,5621.0,7695.3,33340.0,6816.64,1347.0,4857.0,772.02,433.0,772.02,14.0,0.2,182.47862422,10110.15
新疆,2016,西部地区,9617.23,3446.1,4711.56,40564.0,2686.8,2719.0,2428.0,224.75,16073.0,,41.24,291.21,410.8532643133333,16302.0
甘肃省,2016,西部地区,7152.04,2491.53,3687.04,27396.0,1995.53,1214.0,2520.0,313.51,4254.0,,15.67,0.06,169.7165295,7299.93
西藏,2016,西部地区,1150.07,390.4,672.1,35184.0,91.6,54.0,340.0,48.78,,,0.35,,,
贵州省,2016,西部地区,12133.94,4468.73,5803.4,32505.0,3501.68,1904.0,3758.0,733.73,16851.0,,35.37,3.41,348.35636776,9605.8
重庆市,2016,西部地区,18271.14,7765.38,9268.78,59130.0,5896.16,670.81,3110.0,247.18,2437.0,,12.93,96.45,142.1818660159133,7099.71
陕西省,2016,西部地区,19354.63,8906.51,8752.02,50142.0,7226.93,1734.79,3874.0,125.14,51151.37,,25.02,411.91,590.0520346119168,12120.14
青海省,2016,西部地区,2572.5,867.68,1169.32,38968.0,597.37,553.0,582.0,300.85,787.0,,5.62,60.81,53.15164761666667,4101.36
吉林省,2017,东北地区,10922.0,3995.45,5831.19,42890.0,3235.24,760.0,2526.0,63.47,1639.0,,12.27,18.58,214.5174999266667,6881.4
辽宁省,2017,东北地区,21693.0,8328.9,11461.8,50221.0,7039.0,1805.7,4312.0,424.35,3611.0,424.35,39.0,5.1,515.6480892666667,21365.4
黑龙江,2017,东北地区,12659.5,3519.5,6174.8,36898.0,3226.1,954.0,3399.0,21.02,6196.0,,18.37,40.54,355.3259442333334,11258.0
上海市,2017,东部地区,34378.28,9525.89,24741.61,139400.0,8977.41,859.25,2466.0,,,,1.38,1.71,156.5780498333334,11381.85
北京市,2017,东部地区,28000.4,5049.4,24711.7,128994.0,3885.9,397.0,2194.0,11.25,255.0,,0.65,15.41,70.05599553469,7132.8
天津市,2017,东部地区,12468.25,4564.07,7735.22,87404.0,3942.48,638.0,1410.0,0.07,,,2.51,21.5,132.14512346,7831.72
山东省,2017,东部地区,72678.2,26925.59,31253.8,62993.0,22515.81,5775.0,10033.0,6.46,13160.0,,42.0,4.15,1101.796521666667,40097.7
广东省,2017,东部地区,93004.78,38537.0,50857.0,77346.0,35343.97,4517.0,12141.0,1189.83,,1189.83,18.73,89.23,533.1979271466668,32309.32
江苏省,2017,东部地区,85900.9,39124.11,42700.49,102202.0,33782.61,4812.5,8423.0,386.73,1278.47,386.73,41.07,2.94,645.0487202,31602.09
河北省,2017,东部地区,35964.0,12778.0,14732.8,45387.0,11015.7,2777.3,7409.0,15.56,6010.8,,43.31,7.39,541.9030583118732,32082.56
浙江省,2017,东部地区,53135.2,23246.72,27954.56,86808.0,20038.67,3259.0,6170.0,770.78,,770.78,19.05,6.14,401.44067626407,21030.01
海南省,2017,东部地区,4462.54,996.4,2538.35,46631.0,528.28,305.0,972.0,109.19,,109.19,0.97,1.1,60.75249310000001,2079.56
福建省,2017,东部地区,34432.17,16290.02,15927.03,85218.0,12864.85,2226.0,4065.0,1093.58,1130.0,1093.58,11.95,,232.9193275913333,12554.74
安徽省,2017,中部地区,29676.22,12681.24,14412.71,49092.0,9739.86,2456.28,6057.0,52.97,11700.0,,19.54,2.6,397.0163828283692,13018.71
山西省,2017,中部地区,14973.5,6635.33,7129.78,41242.0,5887.25,2765.5,3510.0,42.46,87221.0,,34.12,46.76,1521.407547233333,19581.0
江西省,2017,中部地区,20818.5,9444.6,8930.92,43424.0,7969.59,1128.82,4511.0,144.17,938.92,,31.72,0.21,179.0111195466666,8971.9
河南省,2017,中部地区,44586.54,20035.34,20411.91,45480.0,16741.4,2703.48,9829.0,101.23,11688.0,,13.98,2.98,557.6206413133871,22162.0
湖北省,2017,中部地区,37235.0,15713.86,17992.18,63169.0,13431.59,2615.46,5904.0,1499.39,315.5,,17.37,1.27,266.9344138908343,16180.0
湖南省,2017,中部地区,33828.11,13459.82,17369.89,51030.0,10709.81,1434.67,6633.0,597.37,1938.02,,27.59,,275.9675993519634,15200.0
云南省,2017,西部地区,16531.34,6317.82,9829.81,34221.0,4089.37,2955.06,4693.0,2493.43,4674.98,,38.44,0.04,198.2169980556174,11163.57
内蒙古,2017,西部地区,14898.05,5874.25,7374.03,61196.0,4671.95,4435.94,2433.0,20.11,90597.26,,37.81,0.19,765.0729431133333,19763.44
四川省,2017,西部地区,36980.2,14569.17,19073.46,45835.0,11437.8,3480.38,8289.0,3041.2,4798.51,,22.32,356.39,229.7610888,19229.0
宁夏,2017,西部地区,3453.93,1405.99,1543.67,45728.35,1129.22,1380.94,705.0784,15.45,7643.59,,14.81,,226.23797925305,6461.0
广西,2017,西部地区,20396.25,6138.25,8774.13,36441.0,7663.71,1468.0,4907.0,841.07,443.0,841.07,11.0,0.21,193.853496,10456.02
新疆,2017,西部地区,10920.09,4096.18,5511.85,44941.0,3266.1,3037.0,2480.0,244.12,17782.0,,33.69,307.04,452.2648373,17386.0
甘肃省,2017,西部地区,7677.0,2515.75,3961.24,29103.0,2020.5,1303.0,2522.0,350.58,3738.0,,13.13,0.6,173.9867651284963,7503.63
西藏,2017,西部地区,1310.63,469.6,761.2,39267.0,110.1,59.0,349.0,51.14,,,0.3,,,466.22
贵州省,2017,西部地区,14067.28,4970.85,7064.16,37210.0,3821.4,1899.1,3803.0,699.91,16300.0,,35.89,4.15,340.3387952763334,9845.6
重庆市,2017,西部地区,20260.84,8455.02,10529.73,64793.0,6202.38,690.51,3144.0,250.99,1194.2,,12.24,111.31,127.7745014,7251.59
陕西省,2017,西部地区,21776.08,10114.06,9920.95,55994.0,8232.88,1781.39,3904.0,140.15,56959.93,,18.58,419.4,637.834905463546,12548.52
青海省,2017,西部地区,2642.8,975.67,1251.03,42211.0,683.16,615.0,586.0,328.14,842.0,,5.03,64.01,48.683126683,4193.1
吉林省,2018,东北地区,11253.81,4051.52,6041.58,44925.0,3287.16,869.0,2484.0,63.4,1620.0,,8.96,18.35,193.8715033666667,7000.4
辽宁省,2018,东北地区,23510.5,9049.0,12441.0,54657.0,7728.7,1898.0,4291.0,526.17,3375.9,526.17,30.0,5.7,560.6579574933332,22321.4
黑龙江,2018,东北地区,13205.7,3536.0,6668.6,39268.0,3266.7,1047.0,3327.0,26.2,6133.0,,14.61,43.54,338.7876926666666,11435.9
上海市,2018,东部地区,37769.09,10360.78,27303.53,152900.0,9763.48,848.0,2475.0,,,,1.11,14.54,151.47447972,11453.73
北京市,2018,东部地区,33106.0,5477.4,27508.1,140211.0,4139.9,451.0,2192.0,9.91,176.0,,0.27,17.28,71.87771256533334,7269.8
天津市,2018,东部地区,13411.12,4835.31,8400.51,96034.0,4276.91,725.0,1383.0,0.15,,,1.9,33.94,138.3569735775033,7973.29
山东省,2018,东部地区,66648.87,27523.67,34174.68,66284.0,22613.01,5920.0,10077.0,393.69,12556.0,393.69,34.0,4.8,1220.026382546667,40580.5
广东省,2018,东部地区,101875.9,41398.0,56641.0,83201.0,37651.05,4716.0,12348.0,1248.77,,1248.77,15.1,102.5,557.27838396,33330.3
江苏省,2018,东部地区,93207.55,42129.37,46936.47,110508.0,36113.22,4933.54,8446.0,567.73,1245.78,567.73,30.66,9.97,644.9654677266666,31635.2
河北省,2018,东部地区,32494.6,12904.1,16252.0,43108.2,10930.3,3048.8,7426.0,10.54,5505.3,,34.32,6.15,595.2894520333334,32185.24
浙江省,2018,东部地区,59311.73,25308.13,32027.71,95333.0,21621.19,3355.0,6273.0,897.86,,897.86,13.73,,401.65882536,21674.56
海南省,2018,东部地区,4910.69,1053.14,2871.59,50263.0,582.04,325.0,982.0,114.13,,114.13,0.81,1.06,63.83220293333333,2170.23
福建省,2018,东部地区,39204.78,18847.75,17978.01,95984.0,14781.03,2479.0,4104.0,1080.75,941.0,1080.75,10.85,,254.1448223466666,13131.01
安徽省,2018,中部地区,34010.91,14094.44,17278.47,56063.0,10639.84,2741.0,6076.0,53.84,11412.0,,16.27,2.25,392.4285041066667,13294.71
山西省,2018,中部地区,15958.13,7074.46,8142.92,45517.0,6260.22,3087.6,3502.0,43.18,92634.0,,28.19,53.06,1650.131787406667,20199.0
江西省,2018,中部地区,21984.78,10250.21,9857.24,47434.0,8113.0,1286.0,4513.0,120.28,551.0,,24.94,0.17,183.3997879333333,9285.7
河南省,2018,中部地区,50273.48,21446.84,24515.52,51057.0,17323.4,3060.0,9864.0,143.95,11467.0,,12.27,2.9,498.1344360066667,22659.0
湖北省,2018,中部地区,42021.95,17573.87,20899.91,71097.0,14849.55,2817.0,5917.0,1465.49,119.0,,12.08,5.13,258.01571996,16682.0
湖南省,2018,中部地区,36329.68,13904.11,19341.39,54763.0,10785.57,1540.0,6635.0,535.75,1900.0,,22.94,,243.2461220133333,15544.0
云南省,2018,西部地区,20880.63,7267.5,11114.46,37136.0,4911.71,3242.0,4703.0,2695.31,4573.0,,36.47,,205.48207936,11590.02
内蒙古,2018,西部地区,16140.75,6335.38,8054.7,66491.0,5104.18,4961.16,2422.0,36.49,99101.53,,36.33,16.07,857.5732149133332,23068.47
四川省,2018,西部地区,42902.1,16056.9,22417.7,51658.0,12360.07,3693.0,8321.0,3162.67,3736.0,,19.17,369.8,255.3046704133333,19916.2
宁夏,2018,西部地区,3510.21,1488.13,1742.69,49627.81,1190.96,1662.64,709.5357,19.76,7840.09,,13.06,,235.9347280933333,7100.0
广西,2018,西部地区,19627.8,6692.9,9913.9,39837.0,6288.72,1732.0,4947.0,911.64,488.0,911.64,10.0,0.19,209.36892696,10823.39
新疆,2018,西部地区,12809.4,4657.2,6460.1,49475.0,3758.5,3306.0,2520.0,251.42,21352.0,,27.51,321.84,480.9460545133333,17694.0
甘肃省,2018,西部地区,8104.1,2761.6,4416.4,32178.0,2253.41,1540.0,2515.0,411.37,3630.0,,12.55,1.03,182.4964857333333,7822.54
西藏,2018,西部地区,1548.4,582.7,837.3,43398.0,127.0,69.0,354.0,57.28,,,0.35,,,
贵州省,2018,西部地区,15353.21,5506.24,7690.95,40271.0,4165.48,2021.0,3822.0,714.93,14335.0,,32.55,2.97,291.4494734733333,10035.92
重庆市,2018,西部地区,21866.81,8842.23,11645.9,69341.0,6268.1,772.07,3163.0,257.85,1177.0,,9.17,106.76,123.8038350266667,7452.72
陕西省,2018,西部地区,24354.82,11215.27,11309.36,62169.0,9088.1,1920.0,3931.0,137.01,62958.0,,14.72,442.89,576.34585536,12900.38
青海省,2018,西部地区,2748.0,1093.7,1386.2,46854.0,777.52,811.0,587.0,517.9,821.0,,4.65,64.05,49.05520486,4364.22
吉林省,2019,东北地区,11726.82,4134.82,6304.68,47554.0,3347.81,946.0,2448.0,66.76,1256.0,,9.84,19.82,197.7654407865333,7132.2
辽宁省,2019,东北地区,24855.3,9475.9,13201.4,58019.0,8052.2,1996.0,4277.0,580.32,3292.0,580.32,25.6,6.2,628.0281913666666,23749.5
黑龙江,2019,东北地区,13962.5,3668.0,7111.3,42426.0,3355.1,1057.2,3255.0,27.71,5195.0,,13.49,45.7,341.1395670333334,11613.9
上海市,2019,东部地区,40241.18,10317.07,29817.05,162400.0,9683.44,836.7,2481.0,,,,0.75,12.47,159.4973036066667,11696.47
北京市,2019,东部地区,35445.1,5667.4,29663.4,164220.0,4243.3,464.0,2190.0,10.19,36.0,,0.62,14.55,71.6408603222222,7360.3
天津市,2019,东部地区,14097.16,5016.89,8894.86,101858.0,4456.79,733.0,1385.0,0.12,,,1.78,34.9,137.7173358444444,8240.7
山东省,2019,东部地区,70540.48,28171.78,37251.71,69901.0,22755.13,5897.0,10106.0,604.32,11918.1,604.32,28.0,4.98,1244.7052188,41390.0
广东省,2019,东部地区,110468.05,43529.0,62589.0,88954.0,39222.02,5051.0,12489.0,1617.14,,1617.14,12.04,112.08,552.2894168611658,34141.89
江苏省,2019,东部地区,98656.82,43507.53,50852.05,116650.0,37225.68,5015.41,8469.0,697.61,1102.74,697.61,22.55,4.09,636.5820485866667,32525.97
河北省,2019,东部地区,34978.6,13393.7,18066.4,46348.0,11310.4,3298.0,7447.0,16.44,5075.0,,28.69,5.84,593.4303496666666,32788.19
浙江省,2019,东部地区,64631.98,26643.28,35902.01,102201.0,22736.59,3351.0,6375.0,1036.7,,1036.7,9.55,0.01,419.14662584,23428.06
海南省,2019,东部地区,5308.94,1099.04,3129.54,56507.0,597.86,346.0,995.0,133.22,,133.22,0.69,1.03,66.0966737656,2264.39
福建省,2019,东部地区,42479.11,19578.58,20305.01,103092.0,15214.71,2578.0,4137.0,1166.73,846.0,1166.73,12.1,,275.9733841666666,13906.69
安徽省,2019,中部地区,36845.49,14970.0,18959.52,60561.0,11181.67,2887.0,6092.0,51.09,10989.0,,15.1,2.12,398.9624709333332,13869.73
山西省,2019,中部地区,16961.61,7466.3,8669.97,48469.0,6582.71,3361.7,3497.0,49.07,98795.0,,22.86,82.55,1698.435650533334,20859.0
江西省,2019,中部地区,24757.5,10939.83,11760.11,53164.0,8965.81,1376.0,4516.0,167.74,504.0,,22.71,0.03,186.1770908333334,9665.2
河南省,2019,中部地区,53739.29,22185.46,26918.17,54378.0,17938.2,2888.0,9901.0,145.06,10938.0,,10.44,2.96,463.9982837733334,22275.0
湖北省,2019,中部地区,45828.31,18723.05,22896.5,76712.0,15707.64,2958.0,5927.0,1356.98,41.0,,11.68,1.07,282.3624295440555,17316.0
湖南省,2019,中部地区,39930.75,14974.78,21308.77,60159.0,11601.75,1559.0,6640.0,543.97,1473.0,,19.13,,242.0617535666667,16001.0
云南省,2019,西部地区,23223.75,8060.35,12125.71,47944.0,5400.45,3466.0,4714.0,2855.85,5523.0,,29.25,,172.1130209800766,12178.57
内蒙古,2019,西部地区,17212.53,6763.14,8586.13,71170.0,5458.6,5495.13,2415.0,58.07,109068.12,,35.24,22.07,972.7872788599997,25345.57
四川省,2019,西部地区,46363.8,17187.9,24368.3,55619.0,13165.91,3924.0,8351.0,3316.01,3397.0,,18.82,441.4,276.5570560555556,20790.6
宁夏,2019,西部地区,3748.48,1587.08,1881.44,52556.09,1272.45,1765.93,716.9326,21.87,7476.87,,12.5,,251.8987412555556,7648.0
广西,2019,西部地区,21237.14,7046.43,10801.04,42964.0,5246.57,1846.0,4982.0,839.76,406.0,839.76,10.0,0.23,226.5917734,11270.05
新疆,2019,西部地区,13597.1,4784.4,7030.9,54280.0,3831.0,3670.0,2559.0,292.0,24165.0,,23.86,341.08,519.3051657266666,18490.0
甘肃省,2019,西部地区,8718.3,2862.4,4796.6,34707.0,2319.75,1631.0,2509.0,496.12,3685.0,,11.29,1.58,185.4413767466667,7818.02
西藏,2019,西部地区,1697.8,635.6,924.0,48902.0,131.7,86.0,361.0,68.49,,,0.34,,,
贵州省,2019,西部地区,16769.34,5971.45,8517.33,43727.0,4392.47,2207.0,3848.0,769.36,13168.0,,23.37,3.15,289.2356000199999,10423.27
重庆市,2019,西部地区,23689.64,9059.83,13078.22,74601.0,6467.12,761.65,3188.0,242.27,1171.0,,7.5,110.53,125.6660575466667,7355.16
陕西省,2019,西部地区,26214.54,11590.2,12633.24,66577.0,9311.71,2193.0,3944.0,154.98,63630.0,,20.38,481.55,611.5946677133331,14436.63
青海省,2019,西部地区,2941.1,1153.9,1485.3,49976.0,821.89,791.0,590.0,520.0,1007.0,,4.32,64.0,45.28020973333334,4235.23
吉林省,2020,东北地区,12255.98,4319.86,6383.08,50561.0,3501.19,1018.8,2399.0,93.84,1040.0,,6.84,19.81,184.394034,7185.7
辽宁省,2020,东北地区,25011.4,9357.5,13369.1,58629.0,7906.0,2051.1,4255.0,604.87,3091.5,604.87,20.6,7.3,646.1317758666667,24849.5
黑龙江,2020,东北地区,14000.1,3454.7,7100.3,43573.0,3113.0,1083.5,3171.0,31.99,5206.3,,14.32,46.8,336.8889072000001,11525.1
上海市,2020,东部地区,41603.87,10356.71,31139.48,167500.0,9740.24,863.74,2488.0,,0.0,,0.54,15.11,154.6268817733333,11099.59
北京市,2020,东部地区,35943.3,5739.1,30095.9,164158.0,4216.48,457.5,2189.0,11.46,0.0,,0.18,19.98,66.06906452222222,6762.1
天津市,2020,东部地区,14230.77,4966.58,9053.85,102675.0,4395.94,771.6,1387.0,0.1,0.0,,1.02,36.31,128.4926875555556,8029.11
山东省,2020,东部地区,72798.17,28456.66,38977.16,71825.0,22986.45,5806.4,10165.0,664.86,10944.6,664.86,19.0,5.77,1273.7735698,43649.0
广东省,2020,东部地区,113708.86,43756.0,65220.0,90558.0,39004.78,3603.12,12624.0,1622.79,0.0,1622.79,11.69,131.59,575.1479738750602,34502.92
江苏省,2020,东部地区,102807.68,44631.25,53638.85,121333.0,38198.13,5049.54,8477.0,783.62,1022.28,783.62,11.26,4.24,628.0625281333333,32672.49
河北省,2020,东部地区,36013.8,13765.1,18368.4,48302.0,11664.1,3425.1,7464.0,15.17,4974.7,,16.17,5.61,589.5646331333334,33027.3
浙江省,2020,东部地区,67164.46,26638.15,38360.05,104593.0,22754.35,3366.0,6468.0,1088.68,0.0,1088.68,5.15,,454.5545122666667,25695.27
海南省,2020,东部地区,5532.39,1055.26,3341.15,55131.0,557.42,345.5,1012.0,132.48,0.0,132.48,0.59,1.04,64.24821623333332,2270.64
福建省,2020,东部地区,43682.03,19509.66,21441.56,105283.0,15063.69,2651.1,4161.0,1085.74,659.0,1085.74,7.88,,281.648774112,14365.92
安徽省,2020,中部地区,38061.51,15216.46,19660.1,62411.0,11235.53,2682.0,6105.0,41.0,11084.0,,10.9,2.24,397.1708699333333,14697.9
山西省,2020,中部地区,17835.58,7703.22,8965.76,51051.0,6768.53,3503.5,3490.0,46.76,107906.0,,16.05,85.93,1924.954157966667,
江西省,2020,中部地区,25782.0,11107.9,12430.2,57069.0,8991.57,1320.58,4519.0,144.89,314.46,,10.25,,183.1731488733333,9808.6
河南省,2020,中部地区,54160.58,21416.56,27390.01,54592.0,17771.96,2906.1,9941.0,140.21,10647.0,,6.68,2.9,464.5637038599999,22767.0
湖北省,2020,中部地区,43443.46,17023.9,22287.65,74440.47,13174.73,3015.8,5745.0,1647.22,40.0,,9.72,1.01,242.4489339102377,
湖南省,2020,中部地区,41693.71,15577.34,21875.64,62768.0,12127.45,1496.21,6645.0,573.66,1053.3,,10.24,0.03,227.6336918333333,
云南省,2020,西部地区,24555.72,8387.49,12556.47,51975.0,5579.39,3451.17,4722.0,2959.99,5265.63,,23.94,,205.7157985266666,13006.71
内蒙古,2020,西部地区,17258.05,6908.17,8321.06,71640.0,5597.63,5810.97,2403.0,57.35,103000.0,,27.39,25.55,1046.662195446667,27133.6
四川省,2020,西部地区,48501.6,17505.6,25439.2,58009.0,13401.02,4182.3,8371.0,3541.38,2240.0,,16.31,463.3,266.6840893,21185.9
宁夏,2020,西部地区,3956.34,1629.27,1988.99,55030.77,1306.53,1882.36,720.9319,22.5,8151.6,,7.16,,259.5129114777778,0.79
广西,2020,西部地区,22120.87,7046.84,11428.11,44309.0,5172.76,1970.9,5019.0,905.99,414.0,905.99,8.78,0.22,222.2433434,12081.05
新疆,2020,西部地区,13800.7,4786.7,7032.8,53593.0,3633.33,4121.9,2590.0,268.2,26966.0,,14.48,369.83,555.4673467,18981.81
甘肃省,2020,西部地区,8979.7,2824.8,4966.7,35848.0,2265.39,1601.18,2501.0,379.27,3848.12,,8.58,3.9,195.9865262333333,8104.71
西藏,2020,西部地区,1902.7,714.9,1037.5,52345.0,145.16,88.9,366.0,70.24,0.0,,0.57,,,
贵州省,2020,西部地区,17860.41,6262.98,9057.51,46355.0,4399.21,2174.34,3858.0,831.16,12055.0,,17.74,5.04,277.8234403,10668.12
重庆市,2020,西部地区,25158.07,9646.03,13708.5,78656.0,6980.78,779.2,3209.0,281.0,939.0,,6.75,130.04,87.82853224666667,7553.39
陕西省,2020,西部地区,26297.02,10721.1,13308.19,66583.0,8389.64,2379.4,3955.0,128.11,67973.0,,9.37,527.38,620.1878615666668,14442.87
青海省,2020,西部地区,3009.8,1143.2,1528.6,50845.0,792.24,858.0,593.0,572.0,1092.0,,4.01,64.0,41.3184441,4150.36
吉林省,2021,东北地区,13163.84,4768.28,6841.72,55148.0,3839.49,984.0,2375.0,105.0,905.0,295.2,6.23,21.38,190.8840069674,7287.6
辽宁省,2021,东北地区,27569.5,10883.3,14224.2,64992.0,9386.5,2147.0,4229.0,718.88,3087.7,718.88,16.3,7.9,649.7070767666665,24930.8
黑龙江,2021,东北地区,15292.8,4082.3,7746.6,48579.0,3734.9,1144.9,3125.0,27.0,5974.9,239.75,11.03,50.5,358.5109225066667,11912.6
上海市,2021,东部地区,47059.37,11425.38,35537.97,189100.0,10766.99,1006.75,2489.0,,0.0,33.69,0.58,17.24,161.29419202,11683.02
北京市,2021,东部地区,41045.6,7389.0,33545.2,187526.0,5692.53,471.0,2189.0,14.0,0.0,24.24,0.14,4.28,66.98811636666666,
天津市,2021,东部地区,16093.24,5780.54,10046.79,116618.0,5235.62,776.0,1373.0,0.2,0.0,37.87,0.85,39.02,141.0076325111111,8555.05
山东省,2021,东部地区,41848.5,16959.3,22159.6,81510.0,26894.08,6196.0,10170.0,928.92,9312.0,928.92,17.0,6.22,1267.572223444444,45935.1
广东省,2021,东部地区,127577.42,49977.0,72615.0,100820.0,44513.29,4638.57,12684.0,1666.25,0.0,1666.25,9.79,132.48,669.6167718132929,36821.42
江苏省,2021,东部地区,21372.3,9669.8,10083.5,138255.0,45730.67,5782.4,8505.0,1127.14,934.34,1127.14,8.86,0.94,669.2206741999998,34679.94
河北省,2021,东部地区,14237.8,6932.3,6126.6,54181.0,14132.3,3288.64,7448.0,7.97,4641.0,798.65,17.07,5.28,579.35934978,32829.13
浙江省,2021,东部地区,76765.29,31370.68,43182.68,118028.0,26972.14,4018.0,6540.0,1174.27,0.0,1174.27,4.33,,526.0089992933333,27658.95
海南省,2021,东部地区,3724.3,712.4,2689.5,63707.0,683.6,391.0,1020.0,136.77,0.0,136.77,0.43,8.03,68.40340858666666,2446.19
福建省,2021,东部地区,49602.64,22434.46,24268.16,118837.0,17543.01,2931.0,4187.0,1228.11,548.0,1228.11,6.51,,314.5393617344444,15843.37
安徽省,2021,中部地区,42565.17,17240.14,21961.14,69676.0,12790.84,3083.39,6113.0,81.0,11274.0,342.41,8.55,2.32,415.063909,15342.63
山西省,2021,中部地区,22590.16,11213.13,10090.16,65625.0,10543.63,3926.2,3480.0,39.0,120346.0,697.61,14.7,123.35,2099.792256244445,
江西省,2021,中部地区,29619.67,13183.21,14102.17,65553.0,10773.43,1425.2,4517.0,136.0,237.22,319.9,8.75,,189.2365783666667,10517.8
河南省,2021,中部地区,57806.91,22571.05,29609.72,58320.0,18785.3,2931.0,9883.0,116.0,9372.0,580.01,6.0,2.93,474.7429473133333,23521.0
湖北省,2021,中部地区,50091.23,19332.14,26123.88,86551.0,16040.72,3291.0,5830.0,1599.0,30.0,1816.47,9.21,1.29,286.9507376541,
湖南省,2021,中部地区,45751.85,17325.89,24103.7,68971.0,13602.64,1749.0,6622.0,538.0,727.0,725.5699999999999,8.49,0.03,218.0271954999999,
云南省,2021,西部地区,27161.6,9537.2,13793.1,57717.0,6555.76,3765.0,4690.0,3027.0,6099.0,3313.62,13.27,,203.9939594301794,13448.94
内蒙古,2021,西部地区,21166.0,9880.56,8931.53,88137.0,8443.76,6119.93,2400.0,62.0,107000.0,1241.11,22.48,289.75,1034.0940912,26900.46
四川省,2021,西部地区,53850.79,19901.38,28287.55,64326.0,15428.16,4519.0,8372.0,3724.0,1953.0,3863.08,13.58,522.2,268.8812243333334,22569.4
宁夏,2021,西部地区,4588.24,2099.21,2124.41,63461.13,1762.2,2082.89,725.0,21.0,8670.1,485.49,6.03,0.21,283.5170735444444,8047.9
广西,2021,西部地区,24740.86,8187.9,12537.45,49206.0,6074.49,2008.0,5037.0,886.96,352.0,886.96,7.0,0.22,239.2547681111111,13189.02
新疆,2021,西部地区,16311.6,6295.9,7656.6,61725.0,4691.61,4613.0,2589.0,286.0,32148.0,1018.01,13.33,387.59,632.03459422,
甘肃省,2021,西部地区,10225.5,3451.2,5409.5,40976.0,2835.35,1932.0,2490.0,452.0,4407.0,890.24,8.47,4.18,211.5168860666667,8434.23
西藏,2021,西部地区,2080.2,757.3,1158.8,56831.0,189.9,113.0,366.0,93.0,0.0,109.07,0.22,,,
贵州省,2021,西部地区,19458.6,6850.52,9877.16,50808.0,4898.83,2407.0,3852.0,734.0,13232.0,921.36,14.31,5.22,295.4391621333333,11311.78
重庆市,2021,西部地区,28092.54,10679.52,15490.69,87502.0,7894.39,930.94,3212.0,283.0,0.0,310.44,5.1,139.55,122.33182304,8035.88
陕西省,2021,西部地区,30476.58,12963.34,15103.69,77068.0,10739.88,2615.83,3954.0,141.0,69993.75,457.64,8.11,294.13,571.8663906200002,15260.07
青海省,2021,西部地区,3385.1,1364.7,1666.7,57036.0,980.2,887.0,594.0,477.0,1109.0,771.03,4.08,62.0,45.98726696666667,4694.47
吉林省,2022,东北地区,12818.06,4370.21,6758.75,54279.0,3528.83,1056.89,2348.0,118.0,1000.0,378.1,5.51,20.5,185.1637983933333,7027.83
辽宁省,2022,东北地区,28826.1,11363.6,14864.5,68422.0,9929.6,2119.7,4197.0,820.76,3158.1,820.76,13.1,8.4,613.7140389333332,24707.3
黑龙江,2022,东北地区,16359.2,4549.5,8174.4,52568.0,4156.7,1149.4,3099.0,39.69,6951.8,338.66,10.26,55.7,354.3773302,11703.6
上海市,2022,东部地区,48594.47,11386.44,37108.08,195800.0,10772.73,963.45,2475.0,,,42.38,0.67,19.47,216.4560925133333,10951.01
北京市,2022,东部地区,41610.9,6605.1,34894.3,190313.0,5036.4,467.09,2184.0,9.43,,23.52,0.11,8.0,67.8022344,
天津市,2022,东部地区,16588.52,6092.68,10222.69,121300.0,5555.26,764.89,1363.0,0.14,,49.17,0.65,41.17,138.3723091111111,8373.53
山东省,2022,东部地区,44053.9,17897.4,23317.7,86003.0,28296.99,6203.58,10163.0,1112.02,8800.0,1112.02,15.0,7.97,1205.304477886667,48166.9
广东省,2022,东部地区,132547.11,51341.0,75856.0,104611.0,45547.51,6365.7,12657.0,1896.53,,1896.53,8.82,124.39,659.0715287333333,37726.11
江苏省,2022,东部地区,22464.4,10353.1,10383.3,144390.0,47688.4,6077.31,8515.0,1324.63,1000.0,1324.63,7.48,0.85,671.9659703733334,35823.95
河北省,2022,东部地区,15198.4,7432.7,6507.5,56995.0,13864.3,3792.87,7420.0,37.21,4700.0,1067.31,14.62,5.66,582.7867888333333,32763.5
浙江省,2022,东部地区,80770.04,32873.3,45711.54,123153.0,28326.19,4115.0,6577.0,1287.43,,1287.43,4.06,,568.8947452533333,30147.51
海南省,2022,东部地区,3860.8,749.3,2747.5,66602.0,755.9,405.71,1027.0,160.43,,160.43,0.36,31.54,60.99970332666665,2424.0
福建省,2022,东部地区,52099.64,22470.01,26552.1,124417.0,17495.22,3088.8,4188.0,1487.67,400.0,1487.67,6.0,,296.0060015222222,16302.42
安徽省,2022,中部地区,44607.72,17946.85,23144.35,72888.0,13400.16,3298.77,6127.0,52.8,11177.0,376.16,7.11,2.46,388.81372642,15882.7
山西省,2022,中部地区,25642.59,13840.85,10461.34,73675.0,12759.9,4298.79,3481.0,36.39,132000.0,721.9200000000001,12.85,132.1,2247.734723946666,19582.62
江西省,2022,中部地区,32074.72,14359.56,15263.68,70920.0,11770.33,1725.05,4528.0,162.04,200.0,392.42,7.6,,161.57794935,10785.7
河南省,2022,中部地区,58807.44,22122.52,30953.9,59537.0,17134.23,3429.77,9872.0,122.49,9800.0,709.85,5.89,3.88,487.35926808,24402.0
湖北省,2022,中部地区,52741.68,19793.73,27965.82,92059.14,16240.83,2986.61,5844.0,1219.96,73.0,1513.2,8.5,1.38,294.3745496888889,
湖南省,2022,中部地区,47957.88,17519.84,25836.82,72521.0,13717.46,1658.96,6604.0,505.98,799.56,740.6800000000001,6.96,0.01,216.2295876,
云南省,2022,西部地区,28954.2,10471.2,14470.82,61716.0,7197.1,4016.65,4693.0,3282.91,6700.0,3552.12,18.46,,198.0692031066666,14188.64
内蒙古,2022,西部地区,23158.66,11241.84,9263.14,96474.0,9761.2,6619.21,2401.0,42.71,121400.0,1364.39,20.27,307.22,1058.067816,27980.98
四川省,2022,西部地区,56749.81,21157.11,29628.41,67777.0,16412.2,4846.17,8374.0,3886.56,2300.0,4051.55,12.22,554.06,260.5510916866667,22545.0
宁夏,2022,西部地区,5069.57,2449.1,2212.99,69781.0,2083.96,2235.13,728.0,18.45,9500.0,513.97,5.48,0.16,300.7556613933334,8679.0
广西,2022,西部地区,26300.87,8938.57,13092.49,52164.0,6775.89,2115.91,5047.0,1025.13,400.0,1025.13,6.16,0.23,229.1974185,13207.1
新疆,2022,西部地区,17741.34,7271.08,7960.99,68552.0,6022.8,4793.44,2587.0,341.2,41300.0,1125.63,10.2,406.68,682.6549586999998,
甘肃省,2022,西部地区,11201.6,3945.0,5741.3,44968.0,3274.67,1954.14,2492.0,374.65,5400.0,902.86,7.67,5.44,211.4721605,8667.89
西藏,2022,西部地区,2132.64,804.67,1147.81,58438.0,200.8,128.23,364.0,105.57,,125.04,0.27,,,
贵州省,2022,西部地区,20010.37,7052.69,10095.42,52321.0,4948.57,2299.01,3856.0,678.43,13100.0,897.05,12.25,7.92,272.66160308,11024.84
重庆市,2022,西部地区,28771.84,10477.39,16281.82,89562.0,7942.19,997.84,3213.0,203.11,,242.69,4.6,141.45,125.0127114,8019.44
陕西省,2022,西部地区,33035.61,14264.71,16196.0,83529.0,11992.57,2728.04,3956.0,87.3,74604.55,456.21,6.72,307.11,601.4542196666666,16677.71
青海省,2022,西部地区,3610.1,1585.7,1644.2,60724.0,1250.26,998.05,595.0,426.78,900.0,766.5699999999999,4.1,60.0,45.55666704666666,4798.04
吉林省,2023,东北地区,13531.2,4585.0,7301.4,57739.0,3705.02,1158.73,2339.0,98.46,1000.0,442.04,5.5,19.3,,7434.0
辽宁省,2023,东北地区,30209.4,11734.5,15823.9,72107.0,10220.2,2202.5,4182.0,65.24,3000.0,65.24,13.1,8.3,,
黑龙江,2023,东北地区,15883.9,4291.3,8074.3,51563.0,3903.2,1233.8,3062.0,44.61,7000.0,44.61,9.53,59.4,,11661.2
上海市,2023,东部地区,47218.7,11613.0,35509.6,190321.0,10853.48,1015.04,2487.0,,,,0.64,36.1,,11793.23
北京市,2023,东部地区,43760.7,6525.6,37129.6,200278.0,5008.5,471.55,2186.0,8.41,,8.41,0.11,1.2,,
天津市,2023,东部地区,16737.3,5982.6,10486.2,122752.0,5618.68,837.45,1364.0,0.11,,0.11,0.63,41.7,,8544.79
山东省,2023,东部地区,92068.7,35987.9,49574.6,90771.0,29191.2,6508.08,10123.0,37.89,9000.0,37.89,13.45,8.5,,52589.3
广东省,2023,东部地区,135673.2,54437.3,75695.2,106985.0,46177.57,7010.31,12706.0,370.16,,370.16,7.98,123.7,,41046.27
江苏省,2023,东部地区,128222.2,56909.7,66236.7,150487.0,49244.6,6390.53,8526.0,30.99,1000.0,30.99,7.04,0.7,,
河北省,2023,东部地区,43944.1,16435.3,23042.6,59332.0,13968.7,4125.94,7393.0,48.2,5000.0,48.2,14.25,5.9,,33615.32
浙江省,2023,东部地区,82553.2,33952.7,46268.6,125043.0,28844.06,4353.0,6627.0,210.33,,210.33,3.82,,,31863.36
海南省,2023,东部地区,7551.2,1448.5,4595.3,72958.0,861.4,478.89,1043.0,21.17,,21.17,0.35,35.0,,3027.77
福建省,2023,东部地区,54355.1,23966.4,27171.0,129865.0,18264.63,3302.52,4183.0,368.51,0.0,368.51,5.69,,,17215.77
安徽省,2023,中部地区,47050.6,18871.8,24682.2,76830.0,14021.06,3549.45,6121.0,68.0,11000.0,68.0,7.29,2.6,,
山西省,2023,中部地区,25698.2,13329.7,10979.6,73984.0,12263.3,4572.79,3466.0,38.15,138000.0,38.15,13.2,145.9,,
江西省,2023,中部地区,32200.1,13706.5,16043.2,71216.0,11180.74,1852.6,4515.0,159.94,0.0,159.94,6.4,0.1,,11533.9
河南省,2023,中部地区,59132.4,22175.3,31597.0,60073.0,17609.78,3534.64,9815.0,129.5,10000.0,129.5,6.04,4.4,,24911.0
湖北省,2023,中部地区,55803.6,20215.5,30514.7,95538.0,16356.99,3206.02,5838.0,1312.61,0.0,1312.61,7.89,1.7,,
湖南省,2023,中部地区,50012.9,18822.8,26568.8,75938.0,14773.17,1700.42,6568.0,347.62,1000.0,347.62,6.53,0.0,,
云南省,2023,西部地区,30021.1,10256.3,15558.2,64107.0,7202.8,3905.06,4673.0,2897.65,7000.0,2897.65,18.73,0.2,,14500.78
内蒙古,2023,西部地区,24627.0,11703.6,10186.1,102677.0,9889.8,7629.94,2396.0,44.74,124000.0,44.74,22.02,305.7,,
四川省,2023,西部地区,60132.9,21306.7,32769.5,71835.0,16705.16,5006.49,8368.0,3863.44,2000.0,3863.44,10.9,602.0,,
宁夏,2023,西部地区,5315.0,2487.2,2399.6,72957.0,2130.1,2314.28,729.0,17.05,10000.0,17.05,5.31,2.2,,
广西,2023,西部地区,27202.4,8924.1,13810.1,54005.0,7434.6,2382.92,5027.0,400.46,0.0,400.46,7.69,0.4,,
新疆,2023,西部地区,19125.9,7710.3,8673.4,73774.0,6434.7,5130.66,2598.0,350.26,46000.0,350.26,8.73,417.3,,
甘肃省,2023,西部地区,11863.8,4080.8,6141.8,47867.0,3389.6,2108.97,2465.0,289.56,6000.0,289.56,7.77,7.5,,9088.69
西藏,2023,西部地区,2392.7,883.0,1294.7,65642.0,252.3,163.02,365.0,132.14,,132.14,0.31,,,
贵州省,2023,西部地区,20913.3,7311.4,10707.5,54172.0,5286.42,2368.8,3865.0,431.62,13000.0,431.62,13.44,10.5,,11148.31
重庆市,2023,西部地区,30145.8,11699.1,16372.0,94147.0,8440.53,1120.21,3191.0,224.36,,224.36,3.6,95.6,,8412.29
陕西省,2023,西部地区,33786.1,16068.9,15067.4,85448.0,11699.11,2945.78,3952.0,126.58,76000.0,126.58,6.13,328.5,,17654.79
青海省,2023,西部地区,3799.1,1612.8,1799.2,63903.0,1272.4,1009.71,594.0,378.0,1000.0,713.22,3.92,60.0,,5035.1
吉林省,2024,东北地区,14361.2,4577.6,8193.8,61689.0,3804.9,1179.62,2317.0,124.78,900.0,503.08,5.22,18.27,,
辽宁省,2024,东北地区,32612.7,11503.3,18543.7,78236.0,9911.7,2379.37,4155.0,77.71,3100.0,77.71,10.88,8.13,,
黑龙江,2024,东北地区,16476.9,4147.3,9126.2,54102.0,3786.3,1372.34,3029.0,47.48,5400.0,47.48,9.26,53.85,,11898.8
上海市,2024,东部地区,53927.0,11638.0,42189.4,217140.0,10910.9,1078.02,2480.0,,,,0.66,50.25,,12318.63
北京市,2024,东部地区,49843.1,7227.0,42500.0,228167.0,5937.6,455.64,2183.0,9.44,,9.44,0.11,1.2,,
天津市,2024,东部地区,18024.3,6214.3,11526.0,132143.0,5738.7,879.95,1364.0,0.14,,0.14,0.61,45.42,,8706.66
山东省,2024,东部地区,98565.8,39608.6,52340.3,97575.0,31934.9,6773.25,10080.0,54.53,8700.0,54.53,12.57,8.6,,
广东省,2024,东部地区,141633.8,54365.5,81431.3,111146.0,47601.6,7354.51,12780.0,429.57,,429.57,6.92,126.69,,42793.95
江苏省,2024,东部地区,137008.0,59180.1,72582.8,160694.0,49333.0,6807.37,8526.0,32.73,900.0,32.73,6.62,1.38,,
河北省,2024,东部地区,47526.9,17470.5,25534.1,64352.0,14908.5,4334.58,7378.0,65.38,4400.0,1003.38,13.72,5.05,,
浙江省,2024,东部地区,90130.6,34782.7,52761.4,135565.0,30071.6,4983.55,6670.0,263.31,,263.31,3.64,,,34599.66
海南省,2024,东部地区,7935.7,1497.9,4810.1,75903.0,924.3,515.29,1048.0,30.77,,30.77,0.29,35.64,,
福建省,2024,东部地区,57761.0,24713.2,29760.2,137920.0,19185.8,3584.41,4193.0,445.19,400.0,803.49,5.36,,,18162.49
安徽省,2024,中部地区,625.5,19607.5,27452.1,82694.0,14171.2,3863.46,6123.0,94.52,10600.0,94.52,6.65,2.54,,
山西省,2024,中部地区,25494.7,11021.5,13080.7,73769.0,9887.0,4629.49,3446.0,48.33,127900.0,48.33,12.13,167.39,,
江西省,2024,中部地区,34202.5,13688.5,17908.8,75862.0,11254.2,1963.38,4502.0,188.82,300.0,188.82,7.75,0.09,,
河南省,2024,中部地区,63590.0,24346.2,33752.4,64888.0,18555.8,3832.45,9785.0,146.08,10400.0,146.08,5.52,4.27,,25970.0
湖北省,2024,中部地区,60013.0,21573.8,32977.0,102832.0,17609.0,3498.65,5834.0,1305.91,100.0,1305.91,7.58,2.11,,
湖南省,2024,中部地区,53231.0,19534.6,28796.7,81225.0,15607.2,1900.11,6539.0,509.93,900.0,509.93,6.1,0.2,,
云南省,2024,西部地区,31534.1,10330.0,17011.1,67612.0,7453.9,4646.34,4655.0,3304.33,6700.0,3960.33,15.27,0.2,,
内蒙古,2024,西部地区,26314.6,11604.4,11837.6,110011.0,10002.3,8344.0,2388.0,55.44,130000.0,55.44,20.82,309.99,,
四川省,2024,西部地区,64697.0,22816.9,36260.2,77333.0,17884.0,5307.27,8364.0,4045.43,2200.0,4045.43,8.87,656.68,,
宁夏,2024,西部地区,5502.8,2335.4,2716.2,75484.0,2022.7,2368.02,729.0,19.84,10400.0,19.84,4.66,4.86,,
广西,2024,西部地区,28649.4,9301.0,14596.9,57071.0,7780.2,2602.85,5013.0,614.85,300.0,614.85,8.5,0.33,,
新疆,2024,西部地区,20534.1,8135.9,9826.2,78660.0,6785.5,5478.02,2623.0,382.46,54300.0,1470.72,7.57,422.75,,
甘肃省,2024,西部地区,13002.9,4436.4,6944.8,52825.0,3503.7,2271.5,2458.0,396.01,6700.0,396.01,7.65,9.12,,
西藏,2024,西部地区,2764.9,1016.1,1501.4,75237.0,413.1,171.63,370.0,132.71,,132.71,0.31,,,
贵州省,2024,西部地区,22667.1,7097.6,12597.9,58685.0,5692.7,2556.1,3860.0,616.6,14600.0,616.6,13.37,11.91,,11277.28
重庆市,2024,西部地区,32193.2,11691.0,18367.0,100903.0,8912.0,1210.1,3190.0,218.4,,218.4,3.2,98.92,,8487.91
陕西省,2024,西部地区,35538.8,14519.0,18397.8,89915.0,12207.7,3374.06,3953.0,88.85,78200.0,88.85,6.34,359.21,,18643.11
青海省,2024,西部地区,3950.8,1662.4,1929.3,66568.0,1351.5,1153.5,593.0,507.27,800.0,925.79,4.08,59.46,,
吉林省,2025,东北地区,14973.88,4716.33,8586.87,,4003.44,1196.08,,105.06,,528.62,,,,
辽宁省,2025,东北地区,33182.9,11027.6,19392.4,80094.0,,,,,2952.1,,,8.1,,
黑龙江,2025,东北地区,16878.0,4008.8,9516.6,,,1365.1,,,6329.0,,,53.5,,
上海市,2025,东部地区,56708.71,11650.62,44958.7,,11164.97,,,,,,,,,
北京市,2025,东部地区,52073.4,7187.4,44776.9,239000.0,6126.5,,,,,,,,,
天津市,2025,东部地区,18539.82,6154.46,12091.81,135972.0,5718.65,,,,,,,,,
山东省,2025,东部地区,103197.5,40541.4,55881.1,,33003.3,,,,,,,,,
广东省,2025,东部地区,145846.77,54993.5,84961.46,113769.0,,7094.56,,,,,,,,
江苏省,2025,东部地区,142351.5,60038.2,76943.7,167040.0,,,,,,,,,,
河北省,2025,东部地区,49305.2,17622.4,27168.3,66936.0,15118.8,,,70.8,,1299.6,,,,
浙江省,2025,东部地区,94545.0,35682.0,56206.0,141418.0,31262.0,5446.5,,,,,,,,
海南省,2025,东部地区,8108.85,1463.86,5002.44,77117.0,964.25,,,,,,,,,
福建省,2025,东部地区,60199.45,25497.34,31347.74,143623.0,19846.29,3747.78,,316.39,431.02,742.89,,,,
安徽省,2025,中部地区,52989.0,20055.0,29383.0,86832.0,14777.4,3522.6,,,10224.7,,,,,
山西省,2025,中部地区,25495.68,10305.0,13780.15,74223.0,9266.15,4704.5,,50.1,130912.1,50.1,,,,
江西省,2025,中部地区,36020.0,14274.5,19095.6,80259.0,11876.5,1799.0,,,,,,,,12289.52
河南省,2025,中部地区,66632.79,24926.8,36167.92,68240.0,,3430.18,,,10551.0,,,,,
湖北省,2025,中部地区,62660.9,21865.9,35414.34,107619.0,,3331.9,,1387.8,,1387.8,,,,
湖南省,2025,中部地区,55308.7,19915.5,30441.4,84888.0,,,,355.9,854.8,355.9,,,,
云南省,2025,西部地区,32765.78,10500.61,17944.4,70472.0,7629.19,,,3297.16,,4027.32,,,,
内蒙古,2025,西部地区,26710.3,11292.7,12380.8,112181.0,,8757.0,,,128712.1,,,,,
四川省,2025,西部地区,67665.3,23260.2,38653.8,81124.0,18439.1,5088.0,,,1881.8,,,728.8,,
宁夏,2025,西部地区,5696.49,2360.38,2866.25,77981.0,2042.68,2502.96,,,,,,,,
广西,2025,西部地区,29727.45,9577.24,15518.5,59443.0,8123.58,2504.78,,654.42,263.35,654.42,,,,
新疆,2025,西部地区,21462.14,8189.91,10455.95,81574.0,6875.63,5714.0,,356.0,55288.56,1769.14,,424.48,,
甘肃省,2025,西部地区,13697.5,4558.2,7366.3,55897.0,3626.8,2590.4,,362.0,6643.0,362.0,,9.4,,
西藏,2025,西部地区,3031.89,1156.24,1592.14,81502.0,503.15,162.42,,,,,,,,
贵州省,2025,西部地区,23562.17,7298.24,13240.58,61066.0,6013.05,2734.57,,812.8,15351.22,812.8,,13.44,,
重庆市,2025,西部地区,33757.93,11787.74,19846.05,105874.0,9049.94,,,,,,,,,
陕西省,2025,西部地区,36551.1,14521.16,19283.44,92663.0,12208.12,,,,,,,,,
青海省,2025,西部地区,4121.84,1719.86,2003.48,69567.0,1416.88,1063.24,,450.53,732.11,921.0799999999999,,56.5,,
